INSERT INTO S_FLDS ( FLDID, FLDNAME, FLDTABLE, FLDDISPLAYNAME, FLDEXPTEXT, FLDFORMAT
, ROWNUMBER, DISPLAYFIELD ) VALUES ( 
1, 'stod', 'afttab', 'STD', 'scheduled departure time', '2', 3, 1); 
INSERT INTO S_FLDS ( FLDID, FLDNAME, FLDTABLE, FLDDISPLAYNAME, FLDEXPTEXT, FLDFORMAT
, QUERY, ROWNUMBER, FUNCTION, DISPLAYFIELD ) VALUES ( 
2, 'flno', 'afttab', 'FN', 'number of flight', '0', '(flno like ''%$Dynamicflno%'')'
, 2, 'AND', 1); 
INSERT INTO S_FLDS ( FLDID, FLDNAME, FLDTABLE, FLDDISPLAYNAME, FLDEXPTEXT, FLDFORMAT
, QUERY, ROWNUMBER, FUNCTION, DISPLAYFIELD ) VALUES ( 
47, 'des3', 'afttab', 'DES<BR>(IATA)', 'IATA code of destination', '0', '(des3 like ''%$Dynamicdes3%'')'
, 4, 'AND', 1); 
INSERT INTO S_FLDS ( FLDID, FLDNAME, FLDTABLE, FLDDISPLAYNAME, FLDEXPTEXT, FLDFORMAT
, ROWNUMBER, DISPLAYFIELD ) VALUES ( 
322, 'etod', 'afttab', 'ETD', 'estimated departure time', '1', 11, 1); 
INSERT INTO S_FLDS ( FLDID, FLDNAME, FLDTABLE, FLDDISPLAYNAME, FLDEXPTEXT, FLDFORMAT
, QUERY, ROWNUMBER, FUNCTION, DISPLAYFIELD ) VALUES ( 
53, 'ofbl', 'afttab', 'OFB', 'Offblock-time', '1', '(ofbl like ''%$Dynamicofbl%'')'
, 12, 'AND', 1); 
INSERT INTO S_FLDS ( FLDID, FLDNAME, FLDTABLE, FLDDISPLAYNAME, FLDEXPTEXT, FLDFORMAT
, ROWNUMBER, DISPLAYFIELD ) VALUES ( 
55, 'airb', 'afttab', 'ATD', 'Airborne time', '1', 13, 1); 
INSERT INTO S_FLDS ( FLDID, FLDNAME, FLDTABLE, FLDDISPLAYNAME, FLDEXPTEXT, FLDFORMAT
, ROWNUMBER, DISPLAYFIELD ) VALUES ( 
57, 'ckif', 'afttab', 'CKIF', 'Checkin counter from', '0', 7, 1); 
INSERT INTO S_FLDS ( FLDID, FLDNAME, FLDTABLE, FLDDISPLAYNAME, FLDEXPTEXT, FLDFORMAT
, ROWNUMBER, DISPLAYFIELD ) VALUES ( 
59, 'ckit', 'afttab', 'CKIT', 'Checkin counter to', '0', 7, 1); 
INSERT INTO S_FLDS ( FLDID, FLDNAME, FLDTABLE, FLDDISPLAYNAME, FLDEXPTEXT, FLDFORMAT
, QUERY, ROWNUMBER, FUNCTION, DISPLAYFIELD ) VALUES ( 
232, 'stoa', 'afttab', 'STA', 'scheduled arrival time', '2', '(stoa like ''%$Dynamicstoa%'')'
, 2, 'AND', 1); 
INSERT INTO S_FLDS ( FLDID, FLDNAME, FLDTABLE, FLDDISPLAYNAME, FLDEXPTEXT, FLDFORMAT
, ROWNUMBER, DISPLAYFIELD ) VALUES ( 
233, 'etoa', 'afttab', 'ETA', 'Estimated arrival time', '1', 8, 1); 
INSERT INTO S_FLDS ( FLDID, FLDNAME, FLDTABLE, FLDDISPLAYNAME, FLDEXPTEXT, FLDFORMAT
, ROWNUMBER, DISPLAYFIELD ) VALUES ( 
234, 'onbl', 'afttab', 'ONB', 'onblock time', '1', 9, 1); 
INSERT INTO S_FLDS ( FLDID, FLDNAME, FLDTABLE, FLDDISPLAYNAME, FLDEXPTEXT, FLDFORMAT
, ROWNUMBER, DISPLAYFIELD ) VALUES ( 
724, 'styp', 'afttab', 'CODE', 'service type', '0', 1, 1); 
INSERT INTO S_FLDS ( FLDID, FLDNAME, FLDTABLE, FLDFORMAT, QUERY, ROWNUMBER, FUNCTION
, DISPLAYFIELD ) VALUES ( 
1558, 'alc3', 'afttab', '0', '(alc3 LIKE ''%$airline%'' or alc2 like ''%$airline%'')'
, 99, 'AND', 0); 
INSERT INTO S_FLDS ( FLDID, FLDNAME, FLDTABLE, FLDDISPLAYNAME, FLDEXPTEXT, FLDDISPLAYNAME_TR
, FLDEXPTEXT_TR, FLDFORMAT, QUERY, ROWNUMBER, FUNCTION, DISPLAYFIELD ) VALUES ( 
239, 'org3', 'afttab', 'ORG <BR>(IATA)', 'IATA code of origin', 'org polish', 'polish something'
, '0', '(org3 LIKE ''%$Dynamicorg3%'' or via3 LIKE ''%$$Dynamicorg3%'')', 3, 'AND'
, 1); 
INSERT INTO S_FLDS ( FLDID, FLDNAME, FLDTABLE, FLDDISPLAYNAME, FLDEXPTEXT, FLDFORMAT
, ROWNUMBER, DISPLAYFIELD ) VALUES ( 
262, 'gtd1', 'afttab', 'GT', 'Gate 1', '0', 9, 1); 
INSERT INTO S_FLDS ( FLDID, FLDNAME, FLDTABLE, FLDDISPLAYNAME, FLDEXPTEXT, FLDFORMAT
, QUERY, ROWNUMBER, FUNCTION, DISPLAYFIELD ) VALUES ( 
273, 'remp', 'afttab', 'REMARK', 'Remark', '0', '(remp like ''%$Dynamicremp%'')', 7
, 'AND', 1); 
INSERT INTO S_FLDS ( FLDID, FLDNAME, FLDTABLE, FLDDISPLAYNAME, FLDEXPTEXT, FLDFORMAT
, ROWNUMBER, DISPLAYFIELD ) VALUES ( 
390, 'blt1', 'afttab', 'BELT', 'Belt 1', '0', 13, 1); 
INSERT INTO S_FLDS ( FLDID, FLDNAME, FLDTABLE, FLDDISPLAYNAME, FLDEXPTEXT, FLDFORMAT
, QUERY, ROWNUMBER, FUNCTION, DISPLAYFIELD ) VALUES ( 
743, 'alc2', 'afttab', 'ALC', 'airline code (IATA)', '0', '(alc2 LIKE ''%$airline%'' or alc3 like ''%$airline%'')'
, 99, 'AND', 0); 
INSERT INTO S_FLDS ( FLDID, FLDNAME, FLDTABLE, FLDDISPLAYNAME, FLDEXPTEXT, QUERY, DISPLAYFIELD
 ) VALUES ( 
1634, 'dadr', 'devtab', 'IP', 'IP-address', 'where dadr like ''%$Dynamicdadr%''', 1); 
INSERT INTO S_FLDS ( FLDID, FLDNAME, FLDTABLE, FLDDISPLAYNAME, FLDFORMAT, ROWNUMBER
, DISPLAYFIELD ) VALUES ( 
732, 'via1', 'afttab', 'VIA1', '0', 5, 1); 
INSERT INTO S_FLDS ( FLDID, FLDNAME, FLDTABLE, FLDDISPLAYNAME, FLDFORMAT, ROWNUMBER
, DISPLAYFIELD ) VALUES ( 
733, 'via2', 'afttab', 'VIA2', '0', 6, 1); 
INSERT INTO S_FLDS ( FLDID, FLDNAME, FLDTABLE, FLDDISPLAYNAME, FLDEXPTEXT, FLDFORMAT
, ROWNUMBER, DISPLAYFIELD ) VALUES ( 
549, 'land', 'afttab', 'ATA', 'Landing time
', '1', 8, 1); 
INSERT INTO S_FLDS ( FLDID, FLDNAME, FLDTABLE, FLDDISPLAYNAME, FLDEXPTEXT, FLDFORMAT
, QUERY, ROWNUMBER, FUNCTION, DISPLAYFIELD ) VALUES ( 
553, 'psta', 'afttab', 'Arr. Bay', 'Aircraft position (Arr.)', '0', '(psta like ''%$Dynamicpsta%'')'
, 10, 'AND', 1); 
INSERT INTO S_FLDS ( FLDID, FLDNAME, FLDTABLE, FLDDISPLAYNAME, FLDEXPTEXT, FLDFORMAT
, ROWNUMBER, DISPLAYFIELD ) VALUES ( 
556, 'regn', 'afttab', 'REG', 'Aircraft registration', '0', 16, 1); 
INSERT INTO S_FLDS ( FLDID, FLDNAME, FLDTABLE, FLDDISPLAYNAME, FLDEXPTEXT, FLDFORMAT
, ROWNUMBER, DISPLAYFIELD ) VALUES ( 
627, 'pstd', 'afttab', 'ST', 'Aircraft position (Dep.)', '0', 14, 1); 
INSERT INTO S_FLDS ( FLDID, FLDNAME, FLDTABLE, FLDDISPLAYNAME, FLDEXPTEXT, FLDFORMAT
, ROWNUMBER, DISPLAYFIELD ) VALUES ( 
712, 'act5', 'afttab', 'A/C', 'Aircraft type (ICAO)', '0', 15, 1); 
INSERT INTO S_FLDS ( FLDID, FLDNAME, FLDTABLE, FLDDISPLAYNAME, FLDEXPTEXT, FLDFORMAT
, ROWNUMBER, DISPLAYFIELD ) VALUES ( 
713, 'ext1', 'afttab', 'EXIT', 'Exit', '0', 11, 1); 
INSERT INTO S_FLDS ( FLDID, FLDNAME, FLDTABLE, FLDDISPLAYNAME, FLDEXPTEXT, FLDFORMAT
, ROWNUMBER, DISPLAYFIELD ) VALUES ( 
714, 'paxt', 'afttab', 'PAX', 'Nr. of passengers', '0', 12, 1); 
INSERT INTO S_FLDS ( FLDID, FLDNAME, FLDTABLE, FLDDISPLAYNAME, FLDEXPTEXT, FLDFORMAT
, ROWNUMBER, DISPLAYFIELD ) VALUES ( 
832, 'gd1x', 'afttab', 'BRD', 'start boarding', '1', 8, 1); 
INSERT INTO S_FLDS ( FLDID, FLDNAME, FLDTABLE, FLDDISPLAYNAME, FLDEXPTEXT, FLDFORMAT
, ROWNUMBER, DISPLAYFIELD ) VALUES ( 
1013, 'org4', 'afttab', '<BR>(ICAO)', 'ICAO code of origin', '0', 4, 1); 
INSERT INTO S_FLDS ( FLDID, FLDNAME, FLDTABLE, FLDDISPLAYNAME, FLDEXPTEXT, FLDFORMAT
, ROWNUMBER, DISPLAYFIELD ) VALUES ( 
1014, 'des4', 'afttab', '<BR>(ICAO)', 'ICAO code of destination', '0', 4, 1); 
INSERT INTO S_FLDS ( FLDID, FLDNAME, FLDTABLE, FLDDISPLAYNAME, FLDEXPTEXT, FLDFORMAT
, QUERY, ROWNUMBER, FUNCTION, DISPLAYFIELD ) VALUES ( 
1033, 'jfno', 'afttab', 'C/S', 'code share flight', '0', '(jfno like ''%$jfno%'')'
, 2, 'OR', 0); 
INSERT INTO S_FLDS ( FLDID, FLDNAME, FLDTABLE, FLDDISPLAYNAME, FLDEXPTEXT, FLDFORMAT
, ROWNUMBER, DISPLAYFIELD ) VALUES ( 
1156, 'stoa', 'afttab', 'STA', 'scheduled time of arrival', '1', 2, 0); 
INSERT INTO S_FLDS ( FLDID, FLDNAME, FLDTABLE, FLDDISPLAYNAME, FLDEXPTEXT, FLDFORMAT
, TMPL_MENU_ID, ROWNUMBER, DISPLAYFIELD ) VALUES ( 
1157, 'stod', 'afttab', 'STD', 'scheduled time of departure', '1', 1154, 2, 1); 
INSERT INTO S_FLDS ( FLDID, FLDNAME, FLDTABLE, FLDDISPLAYNAME, FLDEXPTEXT, DISPLAYFIELD
 ) VALUES ( 
1635, 'grpn', 'devtab', 'DSPHDL', 'display handler', 1); 
INSERT INTO S_FLDS ( FLDID, FLDNAME, FLDTABLE, FLDDISPLAYNAME, FLDEXPTEXT, DISPLAYFIELD
 ) VALUES ( 
1636, 'dprt', 'devtab', 'PORT', 'device port', 1); 
INSERT INTO S_FLDS ( FLDID, FLDNAME, FLDTABLE, FLDDISPLAYNAME, FLDEXPTEXT, DISPLAYFIELD
 ) VALUES ( 
1637, 'loca', 'devtab', 'LOC.', 'location of display', 1); 
INSERT INTO S_FLDS ( FLDID, FLDNAME, FLDTABLE, FLDDISPLAYNAME, FLDEXPTEXT, DISPLAYFIELD
 ) VALUES ( 
1638, 'rema', 'devtab', 'REMARK', 'last reply from device', 1); 
INSERT INTO S_FLDS ( FLDID, FLDNAME, FLDTABLE, FLDDISPLAYNAME, FLDEXPTEXT, FLDFORMAT
, TMPL_MENU_ID, TMPLID, ROWNUMBER, DISPLAYFIELD ) VALUES ( 
70, 'obj', 'rmstab', 'obj', 'OBJ', '0', 0, 0, 1, 1); 
INSERT INTO S_FLDS ( FLDID, FLDNAME, FLDTABLE, FLDDISPLAYNAME, FLDEXPTEXT, FLDFORMAT
, TMPL_MENU_ID, TMPLID, ROWNUMBER, DISPLAYFIELD ) VALUES ( 
71, 'stat', 'rmstab', 'stat', 'STAT', '0', 0, 0, 2, 1); 
INSERT INTO S_FLDS ( FLDID, FLDNAME, FLDTABLE, FLDDISPLAYNAME, FLDEXPTEXT, FLDFORMAT
, TMPL_MENU_ID, TMPLID, ROWNUMBER, DISPLAYFIELD ) VALUES ( 
72, 'tdat', 'rmstab', 'tdat', 'TDAT', '0', 0, 0, 3, 1); 
INSERT INTO S_FLDS ( FLDID, FLDNAME, FLDTABLE, FLDDISPLAYNAME, FLDEXPTEXT, FLDFORMAT
, TMPL_MENU_ID, TMPLID, ROWNUMBER, DISPLAYFIELD ) VALUES ( 
73, 'b1ba', 'afttab', 'B1BA', 'B1BA', '0', 0, 0, 5, 1); 
INSERT INTO S_FLDS ( FLDID, FLDNAME, FLDTABLE, FLDDISPLAYNAME, FLDEXPTEXT, FLDFORMAT
, TMPL_MENU_ID, TMPLID, ROWNUMBER, DISPLAYFIELD ) VALUES ( 
74, 'b1ea', 'afttab', 'B1EA', 'B1EA', '0', 0, 0, 6, 1); 
INSERT INTO S_FLDS ( FLDID, FLDNAME, FLDTABLE, FLDDISPLAYNAME, FLDEXPTEXT, FLDFORMAT
, TMPL_MENU_ID, TMPLID, ROWNUMBER, DISPLAYFIELD ) VALUES ( 
75, 'ckic', 'ccatab', 'CKIC', 'CKIC', '0', 0, 0, 1, 1); 
INSERT INTO S_FLDS ( FLDID, FLDNAME, FLDTABLE, FLDDISPLAYNAME, FLDEXPTEXT, FLDFORMAT
, TMPL_MENU_ID, TMPLID, ROWNUMBER, DISPLAYFIELD ) VALUES ( 
76, 'flnu', 'ccatab', 'FLNU', 'FLNU', '0', 0, 0, 2, 1); 
INSERT INTO S_FLDS ( FLDID, FLDNAME, FLDTABLE, FLDDISPLAYNAME, FLDEXPTEXT, FLDFORMAT
, TMPL_MENU_ID, TMPLID, ROWNUMBER, DISPLAYFIELD ) VALUES ( 
77, 'ctyp', 'ccatab', 'CTYP', 'CTYP', '0', 0, 0, 3, 1); 
INSERT INTO S_FLDS ( FLDID, FLDNAME, FLDTABLE, FLDDISPLAYNAME, FLDEXPTEXT, FLDFORMAT
, TMPL_MENU_ID, TMPLID, ROWNUMBER, DISPLAYFIELD ) VALUES ( 
78, 'ckbs', 'ccatab', 'CKBS', 'CKBS', '0', 0, 0, 4, 1); 
INSERT INTO S_FLDS ( FLDID, FLDNAME, FLDTABLE, FLDDISPLAYNAME, FLDEXPTEXT, FLDFORMAT
, TMPL_MENU_ID, TMPLID, ROWNUMBER, DISPLAYFIELD ) VALUES ( 
79, 'ckes', 'ccatab', 'CKES', 'CKES', '0', 0, 0, 5, 1); 
INSERT INTO S_FLDS ( FLDID, FLDNAME, FLDTABLE, FLDDISPLAYNAME, FLDEXPTEXT, FLDFORMAT
, TMPL_MENU_ID, TMPLID, ROWNUMBER, DISPLAYFIELD ) VALUES ( 
80, 'hopo', 'ccatab', 'HOPO', 'HOPO', '0', 0, 0, 6, 1); 
INSERT INTO S_FLDS ( FLDID, FLDNAME, FLDTABLE, FLDDISPLAYNAME, FLDEXPTEXT, FLDFORMAT
, TMPL_MENU_ID, TMPLID, ROWNUMBER, DISPLAYFIELD ) VALUES ( 
81, 'disp', 'ccatab', 'DISP', 'DISP', '0', 0, 0, 7, 1); 
INSERT INTO S_FLDS ( FLDID, FLDNAME, FLDTABLE, FLDDISPLAYNAME, FLDEXPTEXT, FLDFORMAT
, TMPL_MENU_ID, TMPLID, ROWNUMBER, DISPLAYFIELD ) VALUES ( 
82, 'via3', 'afttab', 'VIA3', 'VIA3', '0', 0, 0, 3, 1); 
INSERT INTO S_FLDS ( FLDID, FLDNAME, FLDTABLE, FLDDISPLAYNAME, FLDEXPTEXT, FLDFORMAT
, TMPL_MENU_ID, TMPLID, ROWNUMBER, DISPLAYFIELD ) VALUES ( 
83, 'wro1', 'afttab', 'WRO1', 'WRO1', '0', 0, 0, 4, 1); 
INSERT INTO S_FLDS ( FLDID, FLDNAME, FLDTABLE, FLDDISPLAYNAME, FLDEXPTEXT, FLDFORMAT
, TMPL_MENU_ID, TMPLID, ROWNUMBER, DISPLAYFIELD ) VALUES ( 
84, 'act3', 'afttab', 'ACT3', 'ACT3', '0', 0, 0, 5, 1); 
INSERT INTO S_FLDS ( FLDID, FLDNAME, FLDTABLE, FLDDISPLAYNAME, FLDEXPTEXT, FLDFORMAT
, TMPL_MENU_ID, TMPLID, ROWNUMBER, DISPLAYFIELD ) VALUES ( 
85, 'rkey', 'afttab', 'RKEY', 'RKEY', '0', 0, 0, 5, 1); 
commit;
 
INSERT INTO S_TMPL ( TMPLID, TMPLNAME ) VALUES ( 
1573, 'std.tmpl'); 
INSERT INTO S_TMPL ( TMPLID, TMPLNAME ) VALUES ( 
1673, 'std_dyn_search.tmpl'); 
INSERT INTO S_TMPL ( TMPLID, TMPLNAME ) VALUES ( 
56, 'moccon.tmpl'); 
commit;
 
INSERT INTO S_TMPL_FLD ( ID, FLD_ID, SEARCH, TMPL_MENUID, USERID, CSS_CLASSNAME, ROWNUMBER
, FLDFORMAT ) VALUES ( 
1642, 1635, 0, 1633, 1593, 'TDStandard', 2, '0'); 
INSERT INTO S_TMPL_FLD ( ID, FLD_ID, SEARCH, TMPL_MENUID, USERID, CSS_CLASSNAME, ROWNUMBER
, FLDFORMAT ) VALUES ( 
947, 743, 1, 1, 1593, 'TDDeparture', 99, '0'); 
INSERT INTO S_TMPL_FLD ( ID, FLD_ID, SEARCH, TMPL_MENUID, USERID, CSS_CLASSNAME, ROWNUMBER
, FLDFORMAT ) VALUES ( 
948, 724, 0, 1, 1593, 'TDDeparture', 1, '0'); 
INSERT INTO S_TMPL_FLD ( ID, FLD_ID, SEARCH, TMPL_MENUID, USERID, CSS_CLASSNAME, ROWNUMBER
, FLDFORMAT ) VALUES ( 
950, 732, 0, 1, 1593, 'TDDeparture', 5, '0'); 
INSERT INTO S_TMPL_FLD ( ID, FLD_ID, SEARCH, TMPL_MENUID, USERID, CSS_CLASSNAME, ROWNUMBER
, FLDFORMAT ) VALUES ( 
951, 733, 0, 1, 1593, 'TDDeparture', 6, '0'); 
INSERT INTO S_TMPL_FLD ( ID, FLD_ID, SEARCH, TMPL_MENUID, USERID, CSS_CLASSNAME, ROWNUMBER
, FLDFORMAT ) VALUES ( 
956, 2, 1, 2, 1593, 'TDArrival', 2, '0'); 
INSERT INTO S_TMPL_FLD ( ID, FLD_ID, SEARCH, TMPL_MENUID, USERID, CSS_CLASSNAME, ROWNUMBER
, FLDFORMAT ) VALUES ( 
1559, 1558, 1, 2, 1593, 'TDArrival', 99, '0'); 
INSERT INTO S_TMPL_FLD ( ID, FLD_ID, SEARCH, TMPL_MENUID, USERID, ROWNUMBER, FLDFORMAT
 ) VALUES ( 
1560, 1558, 1, 797, 1593, 99, '0'); 
INSERT INTO S_TMPL_FLD ( ID, FLD_ID, SEARCH, TMPL_MENUID, USERID, CSS_CLASSNAME, ROWNUMBER
, FLDFORMAT ) VALUES ( 
1561, 1558, 0, 1, 1593, 'TDDeparture ', 99, '0'); 
INSERT INTO S_TMPL_FLD ( ID, FLD_ID, SEARCH, TMPL_MENUID, USERID, ROWNUMBER, FLDFORMAT
 ) VALUES ( 
1562, 1558, 1, 817, 1593, 99, '0'); 
INSERT INTO S_TMPL_FLD ( ID, FLD_ID, SEARCH, TMPL_MENUID, USERID, CSS_CLASSNAME, ROWNUMBER
, FLDFORMAT ) VALUES ( 
945, 712, 0, 2, 1593, 'TDArrival', 15, '0'); 
INSERT INTO S_TMPL_FLD ( ID, FLD_ID, SEARCH, TMPL_MENUID, USERID, CSS_CLASSNAME, ROWNUMBER
, FLDFORMAT ) VALUES ( 
957, 232, 0, 2, 1593, 'TDArrival', 1, '3'); 
INSERT INTO S_TMPL_FLD ( ID, FLD_ID, SEARCH, TMPL_MENUID, USERID, CSS_CLASSNAME, ROWNUMBER
, FLDFORMAT ) VALUES ( 
959, 233, 0, 2, 1593, 'TDArrival', 8, '2'); 
INSERT INTO S_TMPL_FLD ( ID, FLD_ID, SEARCH, TMPL_MENUID, USERID, CSS_CLASSNAME, ROWNUMBER
, FLDFORMAT ) VALUES ( 
960, 549, 0, 2, 1593, 'TDArrival', 8, '1'); 
INSERT INTO S_TMPL_FLD ( ID, FLD_ID, SEARCH, TMPL_MENUID, USERID, CSS_CLASSNAME, ROWNUMBER
, FLDFORMAT ) VALUES ( 
961, 234, 0, 2, 1593, 'TDArrival', 9, '1'); 
INSERT INTO S_TMPL_FLD ( ID, FLD_ID, SEARCH, TMPL_MENUID, USERID, CSS_CLASSNAME, ROWNUMBER
, FLDFORMAT ) VALUES ( 
962, 553, 0, 2, 1593, 'TDArrival', 10, '0'); 
INSERT INTO S_TMPL_FLD ( ID, FLD_ID, SEARCH, TMPL_MENUID, USERID, CSS_CLASSNAME, ROWNUMBER
, FLDFORMAT ) VALUES ( 
963, 390, 0, 2, 1593, 'TDArrival', 13, '0'); 
INSERT INTO S_TMPL_FLD ( ID, FLD_ID, SEARCH, TMPL_MENUID, USERID, CSS_CLASSNAME, ROWNUMBER
, FLDFORMAT ) VALUES ( 
965, 273, 1, 2, 1593, 'TDArrival', 7, '0'); 
INSERT INTO S_TMPL_FLD ( ID, FLD_ID, SEARCH, TMPL_MENUID, USERID, CSS_CLASSNAME, ROWNUMBER
, FLDFORMAT ) VALUES ( 
968, 59, 0, 1, 1593, 'TDDeparture', 7, '0'); 
INSERT INTO S_TMPL_FLD ( ID, FLD_ID, SEARCH, TMPL_MENUID, USERID, CSS_CLASSNAME, ROWNUMBER
, FLDFORMAT ) VALUES ( 
970, 47, 1, 1, 1593, 'TDDeparture', 4, '0'); 
INSERT INTO S_TMPL_FLD ( ID, FLD_ID, SEARCH, TMPL_MENUID, USERID, CSS_CLASSNAME, ROWNUMBER
, FLDFORMAT ) VALUES ( 
972, 53, 0, 1, 1593, 'TDDeparture', 12, '1'); 
INSERT INTO S_TMPL_FLD ( ID, FLD_ID, SEARCH, TMPL_MENUID, USERID, CSS_CLASSNAME, ROWNUMBER
, FLDFORMAT ) VALUES ( 
974, 556, 0, 1, 1593, 'TDDeparture', 16, '0'); 
INSERT INTO S_TMPL_FLD ( ID, FLD_ID, SEARCH, TMPL_MENUID, USERID, CSS_CLASSNAME, ROWNUMBER
, FLDFORMAT ) VALUES ( 
976, 627, 0, 1, 1593, 'TDDeparture', 14, '0'); 
INSERT INTO S_TMPL_FLD ( ID, FLD_ID, SEARCH, TMPL_MENUID, USERID, CSS_CLASSNAME, ROWNUMBER
, FLDFORMAT ) VALUES ( 
978, 832, 0, 1, 1593, 'TDDeparture', 8, '1'); 
INSERT INTO S_TMPL_FLD ( ID, FLD_ID, SEARCH, TMPL_MENUID, USERID, CSS_CLASSNAME, ROWNUMBER
, FLDFORMAT ) VALUES ( 
981, 2, 1, 797, 1593, 'TDArrival', 2, '0'); 
INSERT INTO S_TMPL_FLD ( ID, FLD_ID, SEARCH, TMPL_MENUID, USERID, CSS_CLASSNAME, ROWNUMBER
, FLDFORMAT ) VALUES ( 
982, 239, 0, 797, 1593, 'TDArrival', 3, '0'); 
INSERT INTO S_TMPL_FLD ( ID, FLD_ID, SEARCH, TMPL_MENUID, USERID, CSS_CLASSNAME, ROWNUMBER
, FLDFORMAT ) VALUES ( 
985, 273, 1, 797, 1593, 'TDArrival', 7, '0'); 
INSERT INTO S_TMPL_FLD ( ID, FLD_ID, SEARCH, TMPL_MENUID, USERID, CSS_CLASSNAME, ROWNUMBER
, FLDFORMAT ) VALUES ( 
986, 233, 0, 797, 1593, 'TDArrival', 8, '1'); 
INSERT INTO S_TMPL_FLD ( ID, FLD_ID, SEARCH, TMPL_MENUID, USERID, CSS_CLASSNAME, ROWNUMBER
, FLDFORMAT ) VALUES ( 
988, 234, 0, 797, 1593, 'TDArrival', 9, '1'); 
INSERT INTO S_TMPL_FLD ( ID, FLD_ID, SEARCH, TMPL_MENUID, USERID, CSS_CLASSNAME, ROWNUMBER
, FLDFORMAT ) VALUES ( 
989, 713, 0, 797, 1593, 'TDArrival', 11, '0'); 
INSERT INTO S_TMPL_FLD ( ID, FLD_ID, SEARCH, TMPL_MENUID, USERID, CSS_CLASSNAME, ROWNUMBER
, FLDFORMAT ) VALUES ( 
990, 553, 1, 797, 1593, 'TDArrival', 10, '0'); 
INSERT INTO S_TMPL_FLD ( ID, FLD_ID, SEARCH, TMPL_MENUID, USERID, CSS_CLASSNAME, ROWNUMBER
, FLDFORMAT ) VALUES ( 
991, 390, 0, 797, 1593, 'TDArrival', 13, '0'); 
INSERT INTO S_TMPL_FLD ( ID, FLD_ID, SEARCH, TMPL_MENUID, USERID, CSS_CLASSNAME, ROWNUMBER
, FLDFORMAT ) VALUES ( 
993, 712, 0, 797, 1593, 'TDArrival', 15, '0'); 
INSERT INTO S_TMPL_FLD ( ID, FLD_ID, SEARCH, TMPL_MENUID, USERID, CSS_CLASSNAME, ROWNUMBER
, FLDFORMAT ) VALUES ( 
995, 724, 0, 817, 1593, 'TDDeparture', 1, '0'); 
INSERT INTO S_TMPL_FLD ( ID, FLD_ID, SEARCH, TMPL_MENUID, USERID, CSS_CLASSNAME, ROWNUMBER
, FLDFORMAT ) VALUES ( 
997, 1, 0, 817, 1593, 'TDDeparture', 3, '2'); 
INSERT INTO S_TMPL_FLD ( ID, FLD_ID, SEARCH, TMPL_MENUID, USERID, CSS_CLASSNAME, ROWNUMBER
, FLDFORMAT ) VALUES ( 
998, 732, 0, 817, 1593, 'TDDeparture', 5, '0'); 
INSERT INTO S_TMPL_FLD ( ID, FLD_ID, SEARCH, TMPL_MENUID, USERID, CSS_CLASSNAME, ROWNUMBER
, FLDFORMAT ) VALUES ( 
999, 733, 0, 817, 1593, 'TDDeparture', 6, '0'); 
INSERT INTO S_TMPL_FLD ( ID, FLD_ID, SEARCH, TMPL_MENUID, USERID, CSS_CLASSNAME, ROWNUMBER
, FLDFORMAT ) VALUES ( 
1000, 57, 0, 817, 1593, 'TDDeparture', 7, '0'); 
INSERT INTO S_TMPL_FLD ( ID, FLD_ID, SEARCH, TMPL_MENUID, USERID, CSS_CLASSNAME, ROWNUMBER
, FLDFORMAT ) VALUES ( 
1001, 59, 0, 817, 1593, 'TDDeparture', 7, '0'); 
INSERT INTO S_TMPL_FLD ( ID, FLD_ID, SEARCH, TMPL_MENUID, USERID, CSS_CLASSNAME, ROWNUMBER
, FLDFORMAT ) VALUES ( 
1003, 731, 1, 817, 1593, 'TDDeparture', 10, '0'); 
INSERT INTO S_TMPL_FLD ( ID, FLD_ID, SEARCH, TMPL_MENUID, USERID, CSS_CLASSNAME, ROWNUMBER
, FLDFORMAT ) VALUES ( 
1004, 322, 0, 817, 1593, 'TDDeparture', 11, '1'); 
INSERT INTO S_TMPL_FLD ( ID, FLD_ID, SEARCH, TMPL_MENUID, USERID, CSS_CLASSNAME, ROWNUMBER
, FLDFORMAT ) VALUES ( 
1005, 53, 0, 817, 1593, 'TDDeparture', 12, '1'); 
INSERT INTO S_TMPL_FLD ( ID, FLD_ID, SEARCH, TMPL_MENUID, USERID, CSS_CLASSNAME, ROWNUMBER
, FLDFORMAT ) VALUES ( 
1006, 55, 0, 817, 1593, 'TDDeparture', 13, '1'); 
INSERT INTO S_TMPL_FLD ( ID, FLD_ID, SEARCH, TMPL_MENUID, USERID, CSS_CLASSNAME, ROWNUMBER
, FLDFORMAT ) VALUES ( 
1007, 627, 0, 817, 1593, 'TDDeparture', 14, '0'); 
INSERT INTO S_TMPL_FLD ( ID, FLD_ID, SEARCH, TMPL_MENUID, USERID, CSS_CLASSNAME, ROWNUMBER
, FLDFORMAT ) VALUES ( 
1010, 743, 1, 817, 1593, 'TDDeparture', 99, '0'); 
INSERT INTO S_TMPL_FLD ( ID, FLD_ID, SEARCH, TMPL_MENUID, USERID, CSS_CLASSNAME, ROWNUMBER
, FLDFORMAT ) VALUES ( 
1011, 743, 1, 797, 1593, 'TDArrival', 99, '0'); 
INSERT INTO S_TMPL_FLD ( ID, FLD_ID, SEARCH, TMPL_MENUID, USERID, CSS_CLASSNAME, ROWNUMBER
, FLDFORMAT ) VALUES ( 
1012, 47, 0, 817, 1593, 'TDDeparture', 4, '0'); 
INSERT INTO S_TMPL_FLD ( ID, FLD_ID, SEARCH, TMPL_MENUID, USERID, CSS_CLASSNAME, ROWNUMBER
, FLDFORMAT ) VALUES ( 
1026, 1013, 0, 2, 1593, 'TDArrival', 4, '0'); 
INSERT INTO S_TMPL_FLD ( ID, FLD_ID, SEARCH, TMPL_MENUID, USERID, CSS_CLASSNAME, ROWNUMBER
, FLDFORMAT ) VALUES ( 
1027, 1013, 0, 797, 1593, 'TDArrival', 4, '0'); 
INSERT INTO S_TMPL_FLD ( ID, FLD_ID, SEARCH, TMPL_MENUID, USERID, CSS_CLASSNAME, ROWNUMBER
, FLDFORMAT ) VALUES ( 
1018, 1014, 0, 817, 1593, 'TDDeparture', 4, '0'); 
INSERT INTO S_TMPL_FLD ( ID, FLD_ID, SEARCH, TMPL_MENUID, USERID, CSS_CLASSNAME, ROWNUMBER
, FLDFORMAT ) VALUES ( 
958, 239, 1, 2, 1593, 'TDArrival', 3, '0'); 
INSERT INTO S_TMPL_FLD ( ID, FLD_ID, SEARCH, TMPL_MENUID, USERID, CSS_CLASSNAME, ROWNUMBER
, FLDFORMAT ) VALUES ( 
966, 713, 0, 2, 1593, 'TDArrival', 11, '0'); 
INSERT INTO S_TMPL_FLD ( ID, FLD_ID, SEARCH, TMPL_MENUID, USERID, CSS_CLASSNAME, ROWNUMBER
, FLDFORMAT ) VALUES ( 
973, 55, 0, 1, 1593, 'TDDeparture', 13, '1'); 
INSERT INTO S_TMPL_FLD ( ID, FLD_ID, SEARCH, TMPL_MENUID, USERID, CSS_CLASSNAME, ROWNUMBER
, FLDFORMAT ) VALUES ( 
979, 832, 0, 817, 1593, 'TDDeparture', 8, '1'); 
INSERT INTO S_TMPL_FLD ( ID, FLD_ID, SEARCH, TMPL_MENUID, USERID, CSS_CLASSNAME, ROWNUMBER
, FLDFORMAT ) VALUES ( 
987, 549, 0, 797, 1593, 'TDArrival', 8, '1'); 
INSERT INTO S_TMPL_FLD ( ID, FLD_ID, SEARCH, TMPL_MENUID, USERID, CSS_CLASSNAME, ROWNUMBER
, FLDFORMAT ) VALUES ( 
994, 232, 1, 797, 1593, 'TDArrival', 2, '2'); 
INSERT INTO S_TMPL_FLD ( ID, FLD_ID, SEARCH, TMPL_MENUID, USERID, CSS_CLASSNAME, ROWNUMBER
, FLDFORMAT ) VALUES ( 
1002, 262, 0, 817, 1593, 'TDDeparture', 9, '0'); 
INSERT INTO S_TMPL_FLD ( ID, FLD_ID, SEARCH, TMPL_MENUID, USERID, CSS_CLASSNAME, ROWNUMBER
, FLDFORMAT ) VALUES ( 
1009, 556, 0, 817, 1593, 'TDDeparture', 16, '0'); 
INSERT INTO S_TMPL_FLD ( ID, FLD_ID, SEARCH, TMPL_MENUID, USERID, CSS_CLASSNAME, ROWNUMBER
, FLDFORMAT ) VALUES ( 
964, 57, 0, 1, 1593, 'TDDeparture', 7, '0'); 
INSERT INTO S_TMPL_FLD ( ID, FLD_ID, SEARCH, TMPL_MENUID, USERID, CSS_CLASSNAME, ROWNUMBER
, FLDFORMAT ) VALUES ( 
969, 1, 1, 1, 1593, 'TDDeparture', 3, '2'); 
INSERT INTO S_TMPL_FLD ( ID, FLD_ID, SEARCH, TMPL_MENUID, USERID, CSS_CLASSNAME, ROWNUMBER
, FLDFORMAT ) VALUES ( 
971, 322, 0, 1, 1593, 'TDDeparture', 11, '1'); 
INSERT INTO S_TMPL_FLD ( ID, FLD_ID, SEARCH, TMPL_MENUID, USERID, CSS_CLASSNAME, ROWNUMBER
, FLDFORMAT ) VALUES ( 
975, 262, 0, 1, 1593, 'TDDeparture', 9, '0'); 
INSERT INTO S_TMPL_FLD ( ID, FLD_ID, SEARCH, TMPL_MENUID, USERID, CSS_CLASSNAME, ROWNUMBER
, FLDFORMAT ) VALUES ( 
977, 731, 1, 1, 1593, 'TDDeparture', 10, '0'); 
INSERT INTO S_TMPL_FLD ( ID, FLD_ID, SEARCH, TMPL_MENUID, USERID, CSS_CLASSNAME, ROWNUMBER
, FLDFORMAT ) VALUES ( 
1017, 1014, 0, 1, 1593, 'TDDeparture', 4, '0'); 
INSERT INTO S_TMPL_FLD ( ID, FLD_ID, SEARCH, TMPL_MENUID, USERID, CSS_CLASSNAME, ROWNUMBER
, FLDFORMAT ) VALUES ( 
1325, 732, 0, 797, 1593, 'TDArrival', 5, '0'); 
INSERT INTO S_TMPL_FLD ( ID, FLD_ID, SEARCH, TMPL_MENUID, USERID, CSS_CLASSNAME, ROWNUMBER
, FLDFORMAT ) VALUES ( 
1326, 733, 0, 797, 1593, 'TDArrival', 6, '0'); 
INSERT INTO S_TMPL_FLD ( ID, FLD_ID, SEARCH, TMPL_MENUID, USERID, CSS_CLASSNAME, ROWNUMBER
, FLDFORMAT ) VALUES ( 
1327, 556, 0, 797, 1593, 'TDArrival', 16, '0'); 
INSERT INTO S_TMPL_FLD ( ID, FLD_ID, SEARCH, TMPL_MENUID, USERID, CSS_CLASSNAME, ROWNUMBER
, FLDFORMAT ) VALUES ( 
1328, 724, 0, 797, 1593, 'TDArrival', 1, '0'); 
INSERT INTO S_TMPL_FLD ( ID, FLD_ID, SEARCH, TMPL_MENUID, USERID, CSS_CLASSNAME, ROWNUMBER
, FLDFORMAT ) VALUES ( 
1329, 2, 0, 817, 1593, 'TDDeparture', 2, '0'); 
INSERT INTO S_TMPL_FLD ( ID, FLD_ID, SEARCH, TMPL_MENUID, USERID, CSS_CLASSNAME, ROWNUMBER
, FLDFORMAT ) VALUES ( 
1330, 712, 0, 817, 1593, 'TDDeparture', 15, '0'); 
INSERT INTO S_TMPL_FLD ( ID, FLD_ID, SEARCH, TMPL_MENUID, USERID, CSS_CLASSNAME, ROWNUMBER
, FLDFORMAT ) VALUES ( 
1331, 724, 0, 2, 1593, 'TDArrival', 1, '0'); 
INSERT INTO S_TMPL_FLD ( ID, FLD_ID, SEARCH, TMPL_MENUID, USERID, CSS_CLASSNAME, ROWNUMBER
, FLDFORMAT ) VALUES ( 
1332, 732, 0, 2, 1593, 'TDArrival', 5, '0'); 
INSERT INTO S_TMPL_FLD ( ID, FLD_ID, SEARCH, TMPL_MENUID, USERID, CSS_CLASSNAME, ROWNUMBER
, FLDFORMAT ) VALUES ( 
1333, 733, 0, 2, 1593, 'TDArrival', 6, '0'); 
INSERT INTO S_TMPL_FLD ( ID, FLD_ID, SEARCH, TMPL_MENUID, USERID, CSS_CLASSNAME, ROWNUMBER
, FLDFORMAT ) VALUES ( 
1334, 556, 0, 2, 1593, 'TDArrival', 16, '0'); 
INSERT INTO S_TMPL_FLD ( ID, FLD_ID, SEARCH, TMPL_MENUID, USERID, CSS_CLASSNAME, ROWNUMBER
, FLDFORMAT ) VALUES ( 
1335, 2, 0, 1, 1593, 'TDDeparture', 2, '0'); 
INSERT INTO S_TMPL_FLD ( ID, FLD_ID, SEARCH, TMPL_MENUID, USERID, CSS_CLASSNAME, ROWNUMBER
, FLDFORMAT ) VALUES ( 
1336, 712, 0, 1, 1593, 'TDDeparture', 15, '0'); 
INSERT INTO S_TMPL_FLD ( ID, SEARCH, TMPL_MENUID, USERID, FLDFORMAT ) VALUES ( 
1598, 1, 797, 1593, '1'); 
INSERT INTO S_TMPL_FLD ( ID, FLD_ID, SEARCH, TMPL_MENUID, USERID, FLDFORMAT ) VALUES ( 
1600, 712, 0, 797, 1593, '0'); 
INSERT INTO S_TMPL_FLD ( ID, SEARCH, USERID ) VALUES ( 
1601, 1, 1593); 
INSERT INTO S_TMPL_FLD ( ID, SEARCH, USERID ) VALUES ( 
1615, 0, 1593); 
INSERT INTO S_TMPL_FLD ( ID, FLD_ID, SEARCH, TMPL_MENUID, USERID, CSS_CLASSNAME, ROWNUMBER
 ) VALUES ( 
1616, 273, 1, 1, 1593, 'TDDeparture', 10); 
INSERT INTO S_TMPL_FLD ( ID, FLD_ID, SEARCH, TMPL_MENUID, USERID, CSS_CLASSNAME, ROWNUMBER
, FLDFORMAT ) VALUES ( 
1617, 273, 1, 817, 1593, 'TDDeparture', 10, '0'); 
INSERT INTO S_TMPL_FLD ( ID, FLD_ID, SEARCH, TMPL_MENUID, USERID, CSS_CLASSNAME, ROWNUMBER
, FLDFORMAT ) VALUES ( 
1653, 1634, 1, 1633, 1593, 'TDStandard', 1, '0'); 
INSERT INTO S_TMPL_FLD ( ID, FLD_ID, SEARCH, TMPL_MENUID, USERID, CSS_CLASSNAME, ROWNUMBER
, FLDFORMAT ) VALUES ( 
1643, 1636, 0, 1633, 1593, 'TDStandard', 3, '0'); 
INSERT INTO S_TMPL_FLD ( ID, FLD_ID, SEARCH, TMPL_MENUID, USERID, CSS_CLASSNAME, ROWNUMBER
, FLDFORMAT ) VALUES ( 
1644, 1638, 0, 1633, 1593, 'TDStandard', 4, '0'); 
INSERT INTO S_TMPL_FLD ( ID, FLD_ID, SEARCH, TMPL_MENUID, USERID, CSS_CLASSNAME, ROWNUMBER
, FLDFORMAT ) VALUES ( 
1645, 1637, 0, 1633, 1593, 'TDStandard', 5, '0'); 
INSERT INTO S_TMPL_FLD ( ID, FLD_ID, SEARCH, TMPL_MENUID, USERID, CSS_CLASSNAME, ROWNUMBER
, FLDFORMAT ) VALUES ( 
1646, 1639, 1, 1633, 1593, 'TDStandard', 6, '0'); 
INSERT INTO S_TMPL_FLD ( ID, FLD_ID, SEARCH, TMPL_MENUID, USERID, CSS_CLASSNAME, FLDFORMAT
 ) VALUES ( 
62, 556, 0, 2, 1593, 'TDArrival', '0'); 
INSERT INTO S_TMPL_FLD ( ID, FLD_ID, SEARCH, TMPL_MENUID, USERID, CSS_CLASSNAME, ROWNUMBER
, FLDFORMAT ) VALUES ( 
86, 70, 0, 7, 1593, 'TDDeparture', 1, '0'); 
INSERT INTO S_TMPL_FLD ( ID, FLD_ID, SEARCH, TMPL_MENUID, USERID, CSS_CLASSNAME, ROWNUMBER
, FLDFORMAT ) VALUES ( 
87, 1639, 0, 7, 1593, 'TDDeparture', 2, '0'); 
INSERT INTO S_TMPL_FLD ( ID, FLD_ID, SEARCH, TMPL_MENUID, USERID, CSS_CLASSNAME, ROWNUMBER
, FLDFORMAT ) VALUES ( 
88, 72, 0, 7, 1593, 'TDDeparture', 3, '2'); 
INSERT INTO S_TMPL_FLD ( ID, FLD_ID, SEARCH, TMPL_MENUID, USERID, CSS_CLASSNAME, ROWNUMBER
, FLDFORMAT ) VALUES ( 
89, 71, 0, 7, 1593, 'TDDeparture', 2, '0'); 
INSERT INTO S_TMPL_FLD ( ID, FLD_ID, SEARCH, TMPL_MENUID, USERID, CSS_CLASSNAME, ROWNUMBER
, FLDFORMAT ) VALUES ( 
90, 390, 0, 0, 1593, 'TDDeparture', 1, '0'); 
INSERT INTO S_TMPL_FLD ( ID, FLD_ID, SEARCH, TMPL_MENUID, USERID, CSS_CLASSNAME, ROWNUMBER
, FLDFORMAT ) VALUES ( 
91, 2, 0, 0, 1593, 'TDDeparture', 2, '0'); 
INSERT INTO S_TMPL_FLD ( ID, FLD_ID, SEARCH, TMPL_MENUID, USERID, CSS_CLASSNAME, ROWNUMBER
, FLDFORMAT ) VALUES ( 
92, 1033, 0, 0, 1593, 'TDDeparture', 3, '0'); 
INSERT INTO S_TMPL_FLD ( ID, FLD_ID, SEARCH, TMPL_MENUID, USERID, CSS_CLASSNAME, ROWNUMBER
, FLDFORMAT ) VALUES ( 
93, 239, 0, 0, 1593, 'TDDeparture', 4, '0'); 
INSERT INTO S_TMPL_FLD ( ID, FLD_ID, SEARCH, TMPL_MENUID, USERID, CSS_CLASSNAME, ROWNUMBER
, FLDFORMAT ) VALUES ( 
94, 82, 0, 0, 1593, 'TDDeparture', 5, '0'); 
INSERT INTO S_TMPL_FLD ( ID, FLD_ID, SEARCH, TMPL_MENUID, USERID, CSS_CLASSNAME, ROWNUMBER
, FLDFORMAT ) VALUES ( 
95, 232, 0, 0, 1593, 'TDDeparture', 6, '2'); 
INSERT INTO S_TMPL_FLD ( ID, FLD_ID, SEARCH, TMPL_MENUID, USERID, CSS_CLASSNAME, ROWNUMBER
, FLDFORMAT ) VALUES ( 
96, 234, 0, 0, 1593, 'TDDeparture', 7, '0'); 
INSERT INTO S_TMPL_FLD ( ID, FLD_ID, SEARCH, TMPL_MENUID, USERID, CSS_CLASSNAME, ROWNUMBER
, FLDFORMAT ) VALUES ( 
97, 73, 0, 0, 1593, 'TDDeparture', 8, '1'); 
INSERT INTO S_TMPL_FLD ( ID, FLD_ID, SEARCH, TMPL_MENUID, USERID, CSS_CLASSNAME, ROWNUMBER
, FLDFORMAT ) VALUES ( 
98, 74, 0, 0, 1593, 'TDDeparture', 8, '1'); 
INSERT INTO S_TMPL_FLD ( ID, FLD_ID, SEARCH, TMPL_MENUID, USERID, CSS_CLASSNAME, ROWNUMBER
, FLDFORMAT ) VALUES ( 
99, 273, 0, 0, 1593, 'TDDeparture', 9, '0'); 
INSERT INTO S_TMPL_FLD ( ID, FLD_ID, SEARCH, TMPL_MENUID, USERID, CSS_CLASSNAME, ROWNUMBER
, FLDFORMAT ) VALUES ( 
101, 390, 0, 9, 1593, 'TDDeparture', 1, '0'); 
INSERT INTO S_TMPL_FLD ( ID, FLD_ID, SEARCH, TMPL_MENUID, USERID, CSS_CLASSNAME, ROWNUMBER
, FLDFORMAT ) VALUES ( 
102, 2, 0, 9, 1593, 'TDDeparture', 2, '0'); 
INSERT INTO S_TMPL_FLD ( ID, FLD_ID, SEARCH, TMPL_MENUID, USERID, CSS_CLASSNAME, ROWNUMBER
, FLDFORMAT ) VALUES ( 
103, 1033, 0, 9, 1593, 'TDDeparture', 3, '0'); 
INSERT INTO S_TMPL_FLD ( ID, FLD_ID, SEARCH, TMPL_MENUID, USERID, CSS_CLASSNAME, ROWNUMBER
, FLDFORMAT ) VALUES ( 
104, 239, 0, 9, 1593, 'TDDeparture', 4, '0'); 
INSERT INTO S_TMPL_FLD ( ID, FLD_ID, SEARCH, TMPL_MENUID, USERID, CSS_CLASSNAME, ROWNUMBER
, FLDFORMAT ) VALUES ( 
105, 82, 0, 9, 1593, 'TDDeparture', 4, '0'); 
INSERT INTO S_TMPL_FLD ( ID, FLD_ID, SEARCH, TMPL_MENUID, USERID, CSS_CLASSNAME, ROWNUMBER
, FLDFORMAT ) VALUES ( 
106, 232, 0, 9, 1593, 'TDDeparture', 5, '2'); 
commit;
 
INSERT INTO S_TMPL_MENUS ( MENUNAME, MENUNAME_TR, ROWNUMBER, QUERY, TMPL_MENUID, PAGETITLE
, REFRESHRATE, ROWSPERPAGE, HLCYCLE, SHOWTIMEVALUES, TFVAL1, TFVAL2 ) VALUES ( 
'Towings (En)', 'Towings (Pol)', 7, 'select 
urno,flno,rkey,regn,stoa,psta,ofbl,psta,psta,psta,onbl,pstd,stod,psta
from cerda.afttab 
WHERE ((TIFA BETWEEN ''$TfVal1'' AND ''$TfVal2'') AND (FTYP =''T'')) ORDER BY FLNO,STOD'
, 6, 'Towings (En)', 60, 15, 0, 1, 60, 1440); 
INSERT INTO S_TMPL_MENUS ( MENUNAME, MENUNAME_TR, ROWNUMBER, QUERY ) VALUES ( 
'Departures (En)', 'Departures (Pol)', 2, 'select 
urno,flno,jfno,des3,via3,stod,ofbl,airb,etod,gtd1,wro1,pstd,act3,regn,remp  from ceda.afttab  WHERE 
((TIFD BETWEEN ''$TfVal1'' AND ''$TfVal2'') AND (ADID = ''D'' OR ADID = ''B'') AND (FLNO <> '' '')  AND (FTYP in (''O'',''X'',''D'',''R'')) AND (TTYP in ('' '',''03'',''01'',''11'',''12'',''13'',''14'',''CH''))) ORDER BY STOD,FLNO?	DEPARTUREDest.?=???=W=f?)))) ORDER BY BLT1,ONBL?
Arrival Baggage Conveyors??=???>)f?='
); 
INSERT INTO S_TMPL_MENUS ( MENUNAME, MENUNAME_TR, ROWNUMBER, QUERY ) VALUES ( 
'Arrivals (En)', 'Arrivals (Pol)', 1, 'select urno,flno,jfno,org3,via3,stoa,land,onbl,etoa,blt1,psta,act3,regn,remp  from ceda.afttab WHERE  ((TIFA BETWEEN ''$TfVal1'' AND ''$TfVal2'') AND (ADID = ''A'' OR ADID = ''B'') AND (FLNO <> '' '')  AND (FTYP in (''O'',''X'',''D'',''R'')) AND (TTYP in (''01'',''11'',''12'',''13'',''14'',''CH''))) ORDER BY STOA,FLNO
?ARRIVALOrig.?=???=W=f?)t.?=???=W=f?)))) ORDER BY BLT1,ONBL?
Arrival Baggage Conveyors??=???>)f?='
); 
INSERT INTO S_TMPL_MENUS ( MENUNAME, MENUNAME_TR, ROWNUMBER, QUERY ) VALUES ( 
'Arrival Baggage Conveyors (En)', 'Arrival Baggage Conveyors (Pol)', 5, 'select urno,blt1,flno,jfno,org3,via3,stoa,onbl,b1ba,b1ea,paxt,remp from ceda.afttab 
WHERE (((TIFA BETWEEN GET_UTCTIME(-60, ''WAW'') AND GET_UTCTIME(180, ''WAW'')) AND (ADID = ''A'')) and (onbl <> '' '') and (blt1 != '' '') and (((b1ea > ''$TfVal1'') and (blt1 <= ''5'')) OR ((b1ea = '' '') and (onbl > ''$TfVal2'') and (blt1 <= ''5'')))) ORDER BY BLT1,ONBL?
Arrival Baggage Conveyors??=???>)f?='
); 
INSERT INTO S_TMPL_MENUS ( MENUNAME, MENUNAME_TR, ROWNUMBER, QUERY, TMPL_MENUID, PAGETITLE
, REFRESHRATE, ROWSPERPAGE, HLCYCLE, SHOWTIMEVALUES, TFVAL1, TFVAL2 ) VALUES ( 
'Check-in desks  (En)', 'Check-in desks  (Pol)', 3, 'select 
 urno,ckic,flnu,ctyp,ckbs,ckes,hopo,hopo,hopo,disp
from ceda.ccatab
WHERE ((ckbs<''$TfVal1'' and ckbs <> '' '' and (ckes = '' '' or ckes > ''$TfVal2'')) and (ckic <> '' '') and ((ctyp = '' '') or (ctyp = ''C''))  and (ckic <= ''46'')) ORDER BY CKIC,CKBS'
, 3, 'Check-in desks ', 60, 15, 0, 1, 0, 0); 
INSERT INTO S_TMPL_MENUS ( MENUNAME, MENUNAME_TR, ROWNUMBER, QUERY, TMPL_MENUID ) VALUES ( 
'Gates (En)', 'Gates (Pol)', 4, 'select 
urno,gtd1,wro1,flno,jfno,des3,via3,stod,etod,paxt,remp
from ceda.afttab
where
((TIFD BETWEEN ''$TfVal1'' AND ''$TfVal2'' ) AND (ADID = ''D'') AND FLNO <> '' '' AND GTD1 <> '' '' AND (GD1x <> '' '') AND ((remp <> ''GCL'') and (remp <> ''DEP''))) ORDER BY GTD1 ?Gates??=???????=????? OR ((b1ea = '' '') and (onbl > ''$TfVal2'') and (blt1 <= ''5'')))) ORDER BY BLT1,ONBL?
Arrival Baggage Conveyors??=???>)f?='
, 6702059797.9798); 
INSERT INTO S_TMPL_MENUS ( MENUNAME, MENUNAME_TR, ROWNUMBER, QUERY, TMPL_MENUID, PAGETITLE
, REFRESHRATE, ROWSPERPAGE, HLCYCLE, SHOWTIMEVALUES, TFVAL1, TFVAL2 ) VALUES ( 
'Parking Stands (En)', 'Parking Stands (Pol)', 6, 'select urno,psta,regn,act3,flno,onbl,vial,vial,vial,vial
from ceda.afttab
WHERE ((TIFA BETWEEN ''$TfVal1'' AND ''$TfVal2'') AND (PSTA <> '' '') AND FTYP=''O'' AND (ONBL <> '' '')) ORDER BY FLNO'
, 5, 'Parking Stands', 60, 15, 0, 1, -4320, 300); 
INSERT INTO S_TMPL_MENUS ( MENUNAME, MENUNAME_TR, ROWNUMBER, QUERY, TMPL_MENUID, PAGETITLE
, ROWSPERPAGE, SHOWTIMEVALUES ) VALUES ( 
'Airport Category', 'Airport Category', 8, 'select obj,stat,tdat from tmstab order by obj'
, 7, 'Airport Category', 20, 1); 
INSERT INTO S_TMPL_MENUS ( MENUNAME, MENUNAME_TR, ROWNUMBER, QUERY, TMPL_MENUID, PAGETITLE
 ) VALUES ( 
'Telephone numbers', 'Telephone numbers', 9, 'Telephone numbers', 8, 'Telephone numbers'
); 
commit;
 
INSERT INTO S_TMPL_MENUS_USERS ( ID, TMPL_MENUID, USERID, TMPLID, STYLESHEET ) VALUES ( 
429, 1, 4, 1573, 'std_style.css'); 
INSERT INTO S_TMPL_MENUS_USERS ( ID, TMPL_MENUID, USERID, TMPLID, STYLESHEET ) VALUES ( 
206, 2, 4, 380, 'style.css'); 
INSERT INTO S_TMPL_MENUS_USERS ( ID, TMPL_MENUID, USERID, TMPLID, STYLESHEET ) VALUES ( 
300, 1, 4, 380, 'style.css'); 
INSERT INTO S_TMPL_MENUS_USERS ( ID, STYLESHEET ) VALUES ( 
754, 'style.css'); 
INSERT INTO S_TMPL_MENUS_USERS ( ID, TMPL_MENUID, USERID, TMPLID, STYLESHEET ) VALUES ( 
427, 2, 4, 1573, 'std_style.css'); 
INSERT INTO S_TMPL_MENUS_USERS ( ID, STYLESHEET ) VALUES ( 
753, 'style.css'); 
INSERT INTO S_TMPL_MENUS_USERS ( ID, TMPL_MENUID, USERID, TMPLID, STYLESHEET ) VALUES ( 
816, 797, 4, 1573, 'std_style.css'); 
INSERT INTO S_TMPL_MENUS_USERS ( ID, TMPL_MENUID, USERID, TMPLID, STYLESHEET ) VALUES ( 
818, 817, 4, 1573, 'std_style.css'); 
INSERT INTO S_TMPL_MENUS_USERS ( ID, TMPL_MENUID, USERID, TMPLID, STYLESHEET ) VALUES ( 
1594, 2, 1593, 1673, 'std_style.css'); 
INSERT INTO S_TMPL_MENUS_USERS ( ID, TMPL_MENUID, USERID, TMPLID, STYLESHEET ) VALUES ( 
1596, 797, 1595, 1573, 'std_style.ccs'); 
INSERT INTO S_TMPL_MENUS_USERS ( ID, TMPL_MENUID, USERID, TMPLID, STYLESHEET ) VALUES ( 
1597, 817, 1595, 1573, 'std_style.ccs'); 
INSERT INTO S_TMPL_MENUS_USERS ( ID, TMPL_MENUID, USERID, TMPLID, STYLESHEET ) VALUES ( 
1614, 1, 1595, 1573, 'std_style.ccs'); 
INSERT INTO S_TMPL_MENUS_USERS ( ID, TMPL_MENUID, USERID, TMPLID, STYLESHEET ) VALUES ( 
1613, 2, 1595, 1573, 'std_style.ccs'); 
INSERT INTO S_TMPL_MENUS_USERS ( ID, TMPL_MENUID, USERID, TMPLID, STYLESHEET ) VALUES ( 
1640, 1633, 4, 1673, 'std_style.css'); 
INSERT INTO S_TMPL_MENUS_USERS ( ID, TMPL_MENUID, USERID, TMPLID, STYLESHEET ) VALUES ( 
58, 1, 1593, 1673, 'std_style.css'); 
INSERT INTO S_TMPL_MENUS_USERS ( ID, TMPL_MENUID, USERID, TMPLID, STYLESHEET ) VALUES ( 
63, 7, 1593, 1673, 'std_style.css'); 
INSERT INTO S_TMPL_MENUS_USERS ( ID, TMPL_MENUID, USERID, TMPLID, STYLESHEET ) VALUES ( 
64, 9, 1593, 1673, 'std_style.css'); 
INSERT INTO S_TMPL_MENUS_USERS ( ID, TMPL_MENUID, USERID, TMPLID, STYLESHEET ) VALUES ( 
65, 3, 1593, 1673, 'std_style.css'); 
INSERT INTO S_TMPL_MENUS_USERS ( ID, TMPL_MENUID, USERID, TMPLID, STYLESHEET ) VALUES ( 
66, 4, 1593, 1673, 'std_style.css'); 
INSERT INTO S_TMPL_MENUS_USERS ( ID, TMPL_MENUID, USERID, TMPLID, STYLESHEET ) VALUES ( 
67, 5, 1593, 1673, 'std_style.css'); 
INSERT INTO S_TMPL_MENUS_USERS ( ID, TMPL_MENUID, USERID, TMPLID, STYLESHEET ) VALUES ( 
68, 8, 1593, 1673, 'std_style.css'); 
INSERT INTO S_TMPL_MENUS_USERS ( ID, TMPL_MENUID, USERID, TMPLID, STYLESHEET ) VALUES ( 
69, 6, 1593, 1673, 'std_style.css'); 
INSERT INTO S_TMPL_MENUS_USERS ( ID ) VALUES ( 
100); 
commit;
 
INSERT INTO S_USERS ( USERID, USERNAME, PASSWD, IS_PUBLIC, SECURITY_LEVEL ) VALUES ( 
4, 'Admin', 'Admin', 1, 3); 
INSERT INTO S_USERS ( USERID, USERNAME, PASSWD, IS_PUBLIC, SECURITY_LEVEL ) VALUES ( 
1593, 'Staff', 'Staff', 1, 0); 
commit;
 
INSERT INTO S_USERS_NEW ( USERID, USERNAME, PASSWD, PROF_ID ) VALUES ( 
4, 'Admin', 'Admin', 4); 
INSERT INTO S_USERS_NEW ( USERID, USERNAME, PASSWD, PROF_ID ) VALUES ( 
1593, 'Staff', 'Staff', 1593); 
INSERT INTO S_USERS_NEW ( USERID, USERNAME, PASSWD, PROF_ID ) VALUES ( 
59, 'TestUser', 'TesUser', 1593); 
commit;
 
