INSERT INTO S_FLDS ( FLDID, FLDNAME, FLDTABLE, FLDDISPLAYNAME, FLDEXPTEXT, FLDFORMAT, TMPL_MENU_ID,
TMPLID, QUERY, ROWNUMBER, FUNCTION, DISPLAYFIELD, FLDDISPLAYNAME_TR, FLDEXPTEXT_TR ) VALUES ( 
1, 'stod', 'afttab', 'STD', 'scheduled departure time', '2', NULL, NULL, NULL, 3, NULL
, 1, NULL, NULL); 
INSERT INTO S_FLDS ( FLDID, FLDNAME, FLDTABLE, FLDDISPLAYNAME, FLDEXPTEXT, FLDFORMAT, TMPL_MENU_ID,
TMPLID, QUERY, ROWNUMBER, FUNCTION, DISPLAYFIELD, FLDDISPLAYNAME_TR, FLDEXPTEXT_TR ) VALUES ( 
2, 'flno', 'afttab', 'FN', 'number of flight', '0', NULL, NULL, '(flno like ''%$Dynamicflno%'')'
, 2, 'AND', 1, NULL, NULL); 
INSERT INTO S_FLDS ( FLDID, FLDNAME, FLDTABLE, FLDDISPLAYNAME, FLDEXPTEXT, FLDFORMAT, TMPL_MENU_ID,
TMPLID, QUERY, ROWNUMBER, FUNCTION, DISPLAYFIELD, FLDDISPLAYNAME_TR, FLDEXPTEXT_TR ) VALUES ( 
47, 'des3', 'afttab', 'DES<BR>(IATA)', 'IATA code of destination', '0', NULL, NULL
, '(des3 like ''%$Dynamicdes3%'')', 4, 'AND', 1, NULL, NULL); 
INSERT INTO S_FLDS ( FLDID, FLDNAME, FLDTABLE, FLDDISPLAYNAME, FLDEXPTEXT, FLDFORMAT, TMPL_MENU_ID,
TMPLID, QUERY, ROWNUMBER, FUNCTION, DISPLAYFIELD, FLDDISPLAYNAME_TR, FLDEXPTEXT_TR ) VALUES ( 
322, 'etod', 'afttab', 'ETD', 'estimated departure time', '1', NULL, NULL, NULL, 11
, NULL, 1, NULL, NULL); 
INSERT INTO S_FLDS ( FLDID, FLDNAME, FLDTABLE, FLDDISPLAYNAME, FLDEXPTEXT, FLDFORMAT, TMPL_MENU_ID,
TMPLID, QUERY, ROWNUMBER, FUNCTION, DISPLAYFIELD, FLDDISPLAYNAME_TR, FLDEXPTEXT_TR ) VALUES ( 
53, 'ofbl', 'afttab', 'OFB', 'Offblock-time', '1', NULL, NULL, '(ofbl like ''%$Dynamicofbl%'')'
, 12, 'AND', 1, NULL, NULL); 
INSERT INTO S_FLDS ( FLDID, FLDNAME, FLDTABLE, FLDDISPLAYNAME, FLDEXPTEXT, FLDFORMAT, TMPL_MENU_ID,
TMPLID, QUERY, ROWNUMBER, FUNCTION, DISPLAYFIELD, FLDDISPLAYNAME_TR, FLDEXPTEXT_TR ) VALUES ( 
55, 'airb', 'afttab', 'ATD', 'Airborne time', '1', NULL, NULL, NULL, 13, NULL, 1, NULL
, NULL); 
INSERT INTO S_FLDS ( FLDID, FLDNAME, FLDTABLE, FLDDISPLAYNAME, FLDEXPTEXT, FLDFORMAT, TMPL_MENU_ID,
TMPLID, QUERY, ROWNUMBER, FUNCTION, DISPLAYFIELD, FLDDISPLAYNAME_TR, FLDEXPTEXT_TR ) VALUES ( 
57, 'ckif', 'afttab', 'CKIF', 'Checkin counter from', '0', NULL, NULL, NULL, 7, NULL
, 1, NULL, NULL); 
INSERT INTO S_FLDS ( FLDID, FLDNAME, FLDTABLE, FLDDISPLAYNAME, FLDEXPTEXT, FLDFORMAT, TMPL_MENU_ID,
TMPLID, QUERY, ROWNUMBER, FUNCTION, DISPLAYFIELD, FLDDISPLAYNAME_TR, FLDEXPTEXT_TR ) VALUES ( 
59, 'ckit', 'afttab', 'CKIT', 'Checkin counter to', '0', NULL, NULL, NULL, 7, NULL
, 1, NULL, NULL); 
INSERT INTO S_FLDS ( FLDID, FLDNAME, FLDTABLE, FLDDISPLAYNAME, FLDEXPTEXT, FLDFORMAT, TMPL_MENU_ID,
TMPLID, QUERY, ROWNUMBER, FUNCTION, DISPLAYFIELD, FLDDISPLAYNAME_TR, FLDEXPTEXT_TR ) VALUES ( 
232, 'stoa', 'afttab', 'STA', 'scheduled arrival time', '2', NULL, NULL, NULL, 2, NULL
, 1, NULL, NULL); 
INSERT INTO S_FLDS ( FLDID, FLDNAME, FLDTABLE, FLDDISPLAYNAME, FLDEXPTEXT, FLDFORMAT, TMPL_MENU_ID,
TMPLID, QUERY, ROWNUMBER, FUNCTION, DISPLAYFIELD, FLDDISPLAYNAME_TR, FLDEXPTEXT_TR ) VALUES ( 
233, 'etoa', 'afttab', 'ETA', 'Estimated arrival time', '1', NULL, NULL, NULL, 8, NULL
, 1, NULL, NULL); 
INSERT INTO S_FLDS ( FLDID, FLDNAME, FLDTABLE, FLDDISPLAYNAME, FLDEXPTEXT, FLDFORMAT, TMPL_MENU_ID,
TMPLID, QUERY, ROWNUMBER, FUNCTION, DISPLAYFIELD, FLDDISPLAYNAME_TR, FLDEXPTEXT_TR ) VALUES ( 
234, 'onbl', 'afttab', 'ONB', 'onblock time', '1', NULL, NULL, NULL, 9, NULL, 1, NULL
, NULL); 
INSERT INTO S_FLDS ( FLDID, FLDNAME, FLDTABLE, FLDDISPLAYNAME, FLDEXPTEXT, FLDFORMAT, TMPL_MENU_ID,
TMPLID, QUERY, ROWNUMBER, FUNCTION, DISPLAYFIELD, FLDDISPLAYNAME_TR, FLDEXPTEXT_TR ) VALUES ( 
724, 'styp', 'afttab', 'CODE', 'service type', '0', NULL, NULL, NULL, 1, NULL, 1, NULL
, NULL); 
INSERT INTO S_FLDS ( FLDID, FLDNAME, FLDTABLE, FLDDISPLAYNAME, FLDEXPTEXT, FLDFORMAT, TMPL_MENU_ID,
TMPLID, QUERY, ROWNUMBER, FUNCTION, DISPLAYFIELD, FLDDISPLAYNAME_TR, FLDEXPTEXT_TR ) VALUES ( 
1558, 'alc3', 'afttab', NULL, NULL, '0', NULL, NULL, '(alc3 LIKE ''%$airline%'' or alc2 like ''%$airline%'')'
, 99, 'AND', 0, NULL, NULL); 
INSERT INTO S_FLDS ( FLDID, FLDNAME, FLDTABLE, FLDDISPLAYNAME, FLDEXPTEXT, FLDFORMAT, TMPL_MENU_ID,
TMPLID, QUERY, ROWNUMBER, FUNCTION, DISPLAYFIELD, FLDDISPLAYNAME_TR, FLDEXPTEXT_TR ) VALUES ( 
239, 'org3', 'afttab', 'ORG <BR>(IATA)', 'IATA code of origin', '0', NULL, NULL, '(org3 LIKE ''%$city%'' or via3 LIKE ''%$city%'')'
, 3, 'AND', 1, NULL, NULL); 
INSERT INTO S_FLDS ( FLDID, FLDNAME, FLDTABLE, FLDDISPLAYNAME, FLDEXPTEXT, FLDFORMAT, TMPL_MENU_ID,
TMPLID, QUERY, ROWNUMBER, FUNCTION, DISPLAYFIELD, FLDDISPLAYNAME_TR, FLDEXPTEXT_TR ) VALUES ( 
262, 'gtd1', 'afttab', 'GT', 'Gate 1', '0', NULL, NULL, NULL, 9, NULL, 1, NULL, NULL); 
INSERT INTO S_FLDS ( FLDID, FLDNAME, FLDTABLE, FLDDISPLAYNAME, FLDEXPTEXT, FLDFORMAT, TMPL_MENU_ID,
TMPLID, QUERY, ROWNUMBER, FUNCTION, DISPLAYFIELD, FLDDISPLAYNAME_TR, FLDEXPTEXT_TR ) VALUES ( 
273, 'remp', 'afttab', 'REMARK', 'Remark', '0', NULL, NULL, '(remp like ''%$Dynamicremp%'')'
, 7, 'AND', 1, NULL, NULL); 
INSERT INTO S_FLDS ( FLDID, FLDNAME, FLDTABLE, FLDDISPLAYNAME, FLDEXPTEXT, FLDFORMAT, TMPL_MENU_ID,
TMPLID, QUERY, ROWNUMBER, FUNCTION, DISPLAYFIELD, FLDDISPLAYNAME_TR, FLDEXPTEXT_TR ) VALUES ( 
390, 'blt1', 'afttab', 'BELT', 'Belt 1', '0', NULL, NULL, NULL, 13, NULL, 1, NULL
, NULL); 
INSERT INTO S_FLDS ( FLDID, FLDNAME, FLDTABLE, FLDDISPLAYNAME, FLDEXPTEXT, FLDFORMAT, TMPL_MENU_ID,
TMPLID, QUERY, ROWNUMBER, FUNCTION, DISPLAYFIELD, FLDDISPLAYNAME_TR, FLDEXPTEXT_TR ) VALUES ( 
743, 'alc2', 'afttab', 'ALC', 'airline code (IATA)', '0', NULL, NULL, '(alc2 LIKE ''%$airline%'' or alc3 like ''%$airline%'')'
, 99, 'AND', 0, NULL, NULL); 
INSERT INTO S_FLDS ( FLDID, FLDNAME, FLDTABLE, FLDDISPLAYNAME, FLDEXPTEXT, FLDFORMAT, TMPL_MENU_ID,
TMPLID, QUERY, ROWNUMBER, FUNCTION, DISPLAYFIELD, FLDDISPLAYNAME_TR, FLDEXPTEXT_TR ) VALUES ( 
1634, 'dadr', 'devtab', 'IP', 'IP-address', NULL, NULL, NULL, 'where dadr like ''%$Dynamicdadr%'''
, NULL, NULL, 1, NULL, NULL); 
INSERT INTO S_FLDS ( FLDID, FLDNAME, FLDTABLE, FLDDISPLAYNAME, FLDEXPTEXT, FLDFORMAT, TMPL_MENU_ID,
TMPLID, QUERY, ROWNUMBER, FUNCTION, DISPLAYFIELD, FLDDISPLAYNAME_TR, FLDEXPTEXT_TR ) VALUES ( 
732, 'via1', 'afttab', 'VIA1', NULL, '0', NULL, NULL, NULL, 5, NULL, 1, NULL, NULL); 
INSERT INTO S_FLDS ( FLDID, FLDNAME, FLDTABLE, FLDDISPLAYNAME, FLDEXPTEXT, FLDFORMAT, TMPL_MENU_ID,
TMPLID, QUERY, ROWNUMBER, FUNCTION, DISPLAYFIELD, FLDDISPLAYNAME_TR, FLDEXPTEXT_TR ) VALUES ( 
733, 'via2', 'afttab', 'VIA2', NULL, '0', NULL, NULL, NULL, 6, NULL, 1, NULL, NULL); 
INSERT INTO S_FLDS ( FLDID, FLDNAME, FLDTABLE, FLDDISPLAYNAME, FLDEXPTEXT, FLDFORMAT, TMPL_MENU_ID,
TMPLID, QUERY, ROWNUMBER, FUNCTION, DISPLAYFIELD, FLDDISPLAYNAME_TR, FLDEXPTEXT_TR ) VALUES ( 
549, 'land', 'afttab', 'ATA', 'Landing time
', '1', NULL, NULL, NULL, 8, NULL, 1
, NULL, NULL); 
INSERT INTO S_FLDS ( FLDID, FLDNAME, FLDTABLE, FLDDISPLAYNAME, FLDEXPTEXT, FLDFORMAT, TMPL_MENU_ID,
TMPLID, QUERY, ROWNUMBER, FUNCTION, DISPLAYFIELD, FLDDISPLAYNAME_TR, FLDEXPTEXT_TR ) VALUES ( 
553, 'psta', 'afttab', 'Arr. Bay', 'Aircraft position (Arr.)', '0', NULL, NULL, '(psta like ''%$Dynamicpsta%'')'
, 10, 'AND', 1, NULL, NULL); 
INSERT INTO S_FLDS ( FLDID, FLDNAME, FLDTABLE, FLDDISPLAYNAME, FLDEXPTEXT, FLDFORMAT, TMPL_MENU_ID,
TMPLID, QUERY, ROWNUMBER, FUNCTION, DISPLAYFIELD, FLDDISPLAYNAME_TR, FLDEXPTEXT_TR ) VALUES ( 
556, 'regn', 'afttab', 'REG', 'Aircraft registration', '0', NULL, NULL, NULL, 16, NULL
, 1, NULL, NULL); 
INSERT INTO S_FLDS ( FLDID, FLDNAME, FLDTABLE, FLDDISPLAYNAME, FLDEXPTEXT, FLDFORMAT, TMPL_MENU_ID,
TMPLID, QUERY, ROWNUMBER, FUNCTION, DISPLAYFIELD, FLDDISPLAYNAME_TR, FLDEXPTEXT_TR ) VALUES ( 
627, 'pstd', 'afttab', 'ST', 'Aircraft position (Dep.)', '0', NULL, NULL, NULL, 14
, NULL, 1, NULL, NULL); 
INSERT INTO S_FLDS ( FLDID, FLDNAME, FLDTABLE, FLDDISPLAYNAME, FLDEXPTEXT, FLDFORMAT, TMPL_MENU_ID,
TMPLID, QUERY, ROWNUMBER, FUNCTION, DISPLAYFIELD, FLDDISPLAYNAME_TR, FLDEXPTEXT_TR ) VALUES ( 
712, 'act5', 'afttab', 'A/C', 'Aircraft type (ICAO)', '0', NULL, NULL, NULL, 15, NULL
, 1, NULL, NULL); 
INSERT INTO S_FLDS ( FLDID, FLDNAME, FLDTABLE, FLDDISPLAYNAME, FLDEXPTEXT, FLDFORMAT, TMPL_MENU_ID,
TMPLID, QUERY, ROWNUMBER, FUNCTION, DISPLAYFIELD, FLDDISPLAYNAME_TR, FLDEXPTEXT_TR ) VALUES ( 
713, 'ext1', 'afttab', 'EXIT', 'Exit', '0', NULL, NULL, NULL, 11, NULL, 1, NULL, NULL); 
INSERT INTO S_FLDS ( FLDID, FLDNAME, FLDTABLE, FLDDISPLAYNAME, FLDEXPTEXT, FLDFORMAT, TMPL_MENU_ID,
TMPLID, QUERY, ROWNUMBER, FUNCTION, DISPLAYFIELD, FLDDISPLAYNAME_TR, FLDEXPTEXT_TR ) VALUES ( 
714, 'paxt', 'afttab', 'PAX', 'Nr. of passengers', '0', NULL, NULL, NULL, 12, NULL
, 1, NULL, NULL); 
INSERT INTO S_FLDS ( FLDID, FLDNAME, FLDTABLE, FLDDISPLAYNAME, FLDEXPTEXT, FLDFORMAT, TMPL_MENU_ID,
TMPLID, QUERY, ROWNUMBER, FUNCTION, DISPLAYFIELD, FLDDISPLAYNAME_TR, FLDEXPTEXT_TR ) VALUES ( 
832, 'gd1x', 'afttab', 'BRD', 'start boarding', '1', NULL, NULL, NULL, 8, NULL, 1
, NULL, NULL); 
INSERT INTO S_FLDS ( FLDID, FLDNAME, FLDTABLE, FLDDISPLAYNAME, FLDEXPTEXT, FLDFORMAT, TMPL_MENU_ID,
TMPLID, QUERY, ROWNUMBER, FUNCTION, DISPLAYFIELD, FLDDISPLAYNAME_TR, FLDEXPTEXT_TR ) VALUES ( 
1013, 'org4', 'afttab', '<BR>(ICAO)', 'ICAO code of origin', '0', NULL, NULL, NULL
, 4, NULL, 1, NULL, NULL); 
INSERT INTO S_FLDS ( FLDID, FLDNAME, FLDTABLE, FLDDISPLAYNAME, FLDEXPTEXT, FLDFORMAT, TMPL_MENU_ID,
TMPLID, QUERY, ROWNUMBER, FUNCTION, DISPLAYFIELD, FLDDISPLAYNAME_TR, FLDEXPTEXT_TR ) VALUES ( 
1014, 'des4', 'afttab', '<BR>(ICAO)', 'ICAO code of destination', '0', NULL, NULL
, NULL, 4, NULL, 1, NULL, NULL); 
INSERT INTO S_FLDS ( FLDID, FLDNAME, FLDTABLE, FLDDISPLAYNAME, FLDEXPTEXT, FLDFORMAT, TMPL_MENU_ID,
TMPLID, QUERY, ROWNUMBER, FUNCTION, DISPLAYFIELD, FLDDISPLAYNAME_TR, FLDEXPTEXT_TR ) VALUES ( 
1033, 'jfno', 'afttab', 'C/S', 'code share flight', '0', NULL, NULL, '(jfno like ''%$jfno%'')'
, 2, 'OR', 0, NULL, NULL); 
INSERT INTO S_FLDS ( FLDID, FLDNAME, FLDTABLE, FLDDISPLAYNAME, FLDEXPTEXT, FLDFORMAT, TMPL_MENU_ID,
TMPLID, QUERY, ROWNUMBER, FUNCTION, DISPLAYFIELD, FLDDISPLAYNAME_TR, FLDEXPTEXT_TR ) VALUES ( 
1156, 'stoa', 'afttab', 'STA', 'scheduled time of arrival', '1', NULL, NULL, NULL
, 2, NULL, 0, NULL, NULL); 
INSERT INTO S_FLDS ( FLDID, FLDNAME, FLDTABLE, FLDDISPLAYNAME, FLDEXPTEXT, FLDFORMAT, TMPL_MENU_ID,
TMPLID, QUERY, ROWNUMBER, FUNCTION, DISPLAYFIELD, FLDDISPLAYNAME_TR, FLDEXPTEXT_TR ) VALUES ( 
1157, 'stod', 'afttab', 'STD', 'scheduled time of departure', '1', 1154, NULL, NULL
, 2, NULL, 1, NULL, NULL); 
INSERT INTO S_FLDS ( FLDID, FLDNAME, FLDTABLE, FLDDISPLAYNAME, FLDEXPTEXT, FLDFORMAT, TMPL_MENU_ID,
TMPLID, QUERY, ROWNUMBER, FUNCTION, DISPLAYFIELD, FLDDISPLAYNAME_TR, FLDEXPTEXT_TR ) VALUES ( 
1635, 'grpn', 'devtab', 'DSPHDL', 'display handler', NULL, NULL, NULL, NULL, NULL
, NULL, 1, NULL, NULL); 
INSERT INTO S_FLDS ( FLDID, FLDNAME, FLDTABLE, FLDDISPLAYNAME, FLDEXPTEXT, FLDFORMAT, TMPL_MENU_ID,
TMPLID, QUERY, ROWNUMBER, FUNCTION, DISPLAYFIELD, FLDDISPLAYNAME_TR, FLDEXPTEXT_TR ) VALUES ( 
1636, 'dprt', 'devtab', 'PORT', 'device port', NULL, NULL, NULL, NULL, NULL, NULL
, 1, NULL, NULL); 
INSERT INTO S_FLDS ( FLDID, FLDNAME, FLDTABLE, FLDDISPLAYNAME, FLDEXPTEXT, FLDFORMAT, TMPL_MENU_ID,
TMPLID, QUERY, ROWNUMBER, FUNCTION, DISPLAYFIELD, FLDDISPLAYNAME_TR, FLDEXPTEXT_TR ) VALUES ( 
1637, 'loca', 'devtab', 'LOC.', 'location of display', NULL, NULL, NULL, NULL, NULL
, NULL, 1, NULL, NULL); 
INSERT INTO S_FLDS ( FLDID, FLDNAME, FLDTABLE, FLDDISPLAYNAME, FLDEXPTEXT, FLDFORMAT, TMPL_MENU_ID,
TMPLID, QUERY, ROWNUMBER, FUNCTION, DISPLAYFIELD, FLDDISPLAYNAME_TR, FLDEXPTEXT_TR ) VALUES ( 
1638, 'rema', 'devtab', 'REMARK', 'last reply from device', NULL, NULL, NULL, NULL
, NULL, NULL, 1, NULL, NULL); 
INSERT INTO S_FLDS ( FLDID, FLDNAME, FLDTABLE, FLDDISPLAYNAME, FLDEXPTEXT, FLDFORMAT, TMPL_MENU_ID,
TMPLID, QUERY, ROWNUMBER, FUNCTION, DISPLAYFIELD, FLDDISPLAYNAME_TR, FLDEXPTEXT_TR ) VALUES ( 
1639, 'stat', 'devtab', 'STATUS', 'status of display', NULL, NULL, NULL, 'and stat like ''%$Dynamicstat%'''
, NULL, NULL, 1, NULL, NULL); 
commit;
 
INSERT INTO S_TMPL ( TMPLID, TMPLNAME ) VALUES ( 
1573, 'std.tmpl'); 
INSERT INTO S_TMPL ( TMPLID, TMPLNAME ) VALUES ( 
1673, 'std_dyn_search.tmpl'); 
commit;
 
INSERT INTO S_TMPL_FLD ( ID, FLD_ID, SEARCH, TMPL_MENUID, USERID, CSS_CLASSNAME, ROWNUMBER,
FLDFORMAT ) VALUES ( 
1642, 1635, 0, 1633, 4, 'TDStandard', 2, '0'); 
INSERT INTO S_TMPL_FLD ( ID, FLD_ID, SEARCH, TMPL_MENUID, USERID, CSS_CLASSNAME, ROWNUMBER,
FLDFORMAT ) VALUES ( 
947, 743, 1, 1, 4, 'TDDeparture', 99, '0'); 
INSERT INTO S_TMPL_FLD ( ID, FLD_ID, SEARCH, TMPL_MENUID, USERID, CSS_CLASSNAME, ROWNUMBER,
FLDFORMAT ) VALUES ( 
948, 724, 0, 1, 4, 'TDDeparture', 1, '0'); 
INSERT INTO S_TMPL_FLD ( ID, FLD_ID, SEARCH, TMPL_MENUID, USERID, CSS_CLASSNAME, ROWNUMBER,
FLDFORMAT ) VALUES ( 
950, 732, 0, 1, 4, 'TDDeparture', 5, '0'); 
INSERT INTO S_TMPL_FLD ( ID, FLD_ID, SEARCH, TMPL_MENUID, USERID, CSS_CLASSNAME, ROWNUMBER,
FLDFORMAT ) VALUES ( 
951, 733, 0, 1, 4, 'TDDeparture', 6, '0'); 
INSERT INTO S_TMPL_FLD ( ID, FLD_ID, SEARCH, TMPL_MENUID, USERID, CSS_CLASSNAME, ROWNUMBER,
FLDFORMAT ) VALUES ( 
956, 2, 1, 2, 4, 'TDArrival', 2, '0'); 
INSERT INTO S_TMPL_FLD ( ID, FLD_ID, SEARCH, TMPL_MENUID, USERID, CSS_CLASSNAME, ROWNUMBER,
FLDFORMAT ) VALUES ( 
1559, 1558, 1, 2, 4, NULL, 99, '0'); 
INSERT INTO S_TMPL_FLD ( ID, FLD_ID, SEARCH, TMPL_MENUID, USERID, CSS_CLASSNAME, ROWNUMBER,
FLDFORMAT ) VALUES ( 
1560, 1558, 1, 797, 4, NULL, 99, '0'); 
INSERT INTO S_TMPL_FLD ( ID, FLD_ID, SEARCH, TMPL_MENUID, USERID, CSS_CLASSNAME, ROWNUMBER,
FLDFORMAT ) VALUES ( 
1561, 1558, 0, 1, 4, NULL, 99, '0'); 
INSERT INTO S_TMPL_FLD ( ID, FLD_ID, SEARCH, TMPL_MENUID, USERID, CSS_CLASSNAME, ROWNUMBER,
FLDFORMAT ) VALUES ( 
1562, 1558, 1, 817, 4, NULL, 99, '0'); 
INSERT INTO S_TMPL_FLD ( ID, FLD_ID, SEARCH, TMPL_MENUID, USERID, CSS_CLASSNAME, ROWNUMBER,
FLDFORMAT ) VALUES ( 
945, 712, 0, 2, 4, 'TDArrival', 15, '0'); 
INSERT INTO S_TMPL_FLD ( ID, FLD_ID, SEARCH, TMPL_MENUID, USERID, CSS_CLASSNAME, ROWNUMBER,
FLDFORMAT ) VALUES ( 
957, 232, 1, 2, 4, 'TDArrival', 2, '2'); 
INSERT INTO S_TMPL_FLD ( ID, FLD_ID, SEARCH, TMPL_MENUID, USERID, CSS_CLASSNAME, ROWNUMBER,
FLDFORMAT ) VALUES ( 
959, 233, 0, 2, 4, 'TDArrival', 8, '1'); 
INSERT INTO S_TMPL_FLD ( ID, FLD_ID, SEARCH, TMPL_MENUID, USERID, CSS_CLASSNAME, ROWNUMBER,
FLDFORMAT ) VALUES ( 
960, 549, 0, 2, 4, 'TDArrival', 8, '1'); 
INSERT INTO S_TMPL_FLD ( ID, FLD_ID, SEARCH, TMPL_MENUID, USERID, CSS_CLASSNAME, ROWNUMBER,
FLDFORMAT ) VALUES ( 
961, 234, 0, 2, 4, 'TDArrival', 9, '1'); 
INSERT INTO S_TMPL_FLD ( ID, FLD_ID, SEARCH, TMPL_MENUID, USERID, CSS_CLASSNAME, ROWNUMBER,
FLDFORMAT ) VALUES ( 
962, 553, 0, 2, 4, 'TDArrival', 10, '0'); 
INSERT INTO S_TMPL_FLD ( ID, FLD_ID, SEARCH, TMPL_MENUID, USERID, CSS_CLASSNAME, ROWNUMBER,
FLDFORMAT ) VALUES ( 
963, 390, 0, 2, 4, 'TDArrival', 13, '0'); 
INSERT INTO S_TMPL_FLD ( ID, FLD_ID, SEARCH, TMPL_MENUID, USERID, CSS_CLASSNAME, ROWNUMBER,
FLDFORMAT ) VALUES ( 
965, 273, 1, 2, 4, 'TDArrival', 7, '0'); 
INSERT INTO S_TMPL_FLD ( ID, FLD_ID, SEARCH, TMPL_MENUID, USERID, CSS_CLASSNAME, ROWNUMBER,
FLDFORMAT ) VALUES ( 
968, 59, 0, 1, 4, 'TDDeparture', 7, '0'); 
INSERT INTO S_TMPL_FLD ( ID, FLD_ID, SEARCH, TMPL_MENUID, USERID, CSS_CLASSNAME, ROWNUMBER,
FLDFORMAT ) VALUES ( 
970, 47, 1, 1, 4, 'TDDeparture', 4, '0'); 
INSERT INTO S_TMPL_FLD ( ID, FLD_ID, SEARCH, TMPL_MENUID, USERID, CSS_CLASSNAME, ROWNUMBER,
FLDFORMAT ) VALUES ( 
972, 53, 0, 1, 4, 'TDDeparture', 12, '1'); 
INSERT INTO S_TMPL_FLD ( ID, FLD_ID, SEARCH, TMPL_MENUID, USERID, CSS_CLASSNAME, ROWNUMBER,
FLDFORMAT ) VALUES ( 
974, 556, 0, 1, 4, 'TDDeparture', 16, '0'); 
INSERT INTO S_TMPL_FLD ( ID, FLD_ID, SEARCH, TMPL_MENUID, USERID, CSS_CLASSNAME, ROWNUMBER,
FLDFORMAT ) VALUES ( 
976, 627, 0, 1, 4, 'TDDeparture', 14, '0'); 
INSERT INTO S_TMPL_FLD ( ID, FLD_ID, SEARCH, TMPL_MENUID, USERID, CSS_CLASSNAME, ROWNUMBER,
FLDFORMAT ) VALUES ( 
978, 832, 0, 1, 4, 'TDDeparture', 8, '1'); 
INSERT INTO S_TMPL_FLD ( ID, FLD_ID, SEARCH, TMPL_MENUID, USERID, CSS_CLASSNAME, ROWNUMBER,
FLDFORMAT ) VALUES ( 
981, 2, 1, 797, 4, 'TDArrival', 2, '0'); 
INSERT INTO S_TMPL_FLD ( ID, FLD_ID, SEARCH, TMPL_MENUID, USERID, CSS_CLASSNAME, ROWNUMBER,
FLDFORMAT ) VALUES ( 
982, 239, 0, 797, 4, 'TDArrival', 3, '0'); 
INSERT INTO S_TMPL_FLD ( ID, FLD_ID, SEARCH, TMPL_MENUID, USERID, CSS_CLASSNAME, ROWNUMBER,
FLDFORMAT ) VALUES ( 
985, 273, 1, 797, 4, 'TDArrival', 7, '0'); 
INSERT INTO S_TMPL_FLD ( ID, FLD_ID, SEARCH, TMPL_MENUID, USERID, CSS_CLASSNAME, ROWNUMBER,
FLDFORMAT ) VALUES ( 
986, 233, 0, 797, 4, 'TDArrival', 8, '1'); 
INSERT INTO S_TMPL_FLD ( ID, FLD_ID, SEARCH, TMPL_MENUID, USERID, CSS_CLASSNAME, ROWNUMBER,
FLDFORMAT ) VALUES ( 
988, 234, 0, 797, 4, 'TDArrival', 9, '1'); 
INSERT INTO S_TMPL_FLD ( ID, FLD_ID, SEARCH, TMPL_MENUID, USERID, CSS_CLASSNAME, ROWNUMBER,
FLDFORMAT ) VALUES ( 
989, 713, 0, 797, 4, 'TDArrival', 11, '0'); 
INSERT INTO S_TMPL_FLD ( ID, FLD_ID, SEARCH, TMPL_MENUID, USERID, CSS_CLASSNAME, ROWNUMBER,
FLDFORMAT ) VALUES ( 
990, 553, 1, 797, 4, 'TDArrival', 10, '0'); 
INSERT INTO S_TMPL_FLD ( ID, FLD_ID, SEARCH, TMPL_MENUID, USERID, CSS_CLASSNAME, ROWNUMBER,
FLDFORMAT ) VALUES ( 
991, 390, 0, 797, 4, 'TDArrival', 13, '0'); 
INSERT INTO S_TMPL_FLD ( ID, FLD_ID, SEARCH, TMPL_MENUID, USERID, CSS_CLASSNAME, ROWNUMBER,
FLDFORMAT ) VALUES ( 
993, 712, 0, 797, 4, 'TDArrival', 15, '0'); 
INSERT INTO S_TMPL_FLD ( ID, FLD_ID, SEARCH, TMPL_MENUID, USERID, CSS_CLASSNAME, ROWNUMBER,
FLDFORMAT ) VALUES ( 
995, 724, 0, 817, 4, 'TDDeparture', 1, '0'); 
INSERT INTO S_TMPL_FLD ( ID, FLD_ID, SEARCH, TMPL_MENUID, USERID, CSS_CLASSNAME, ROWNUMBER,
FLDFORMAT ) VALUES ( 
997, 1, 0, 817, 4, 'TDDeparture', 3, '2'); 
INSERT INTO S_TMPL_FLD ( ID, FLD_ID, SEARCH, TMPL_MENUID, USERID, CSS_CLASSNAME, ROWNUMBER,
FLDFORMAT ) VALUES ( 
998, 732, 0, 817, 4, 'TDDeparture', 5, '0'); 
INSERT INTO S_TMPL_FLD ( ID, FLD_ID, SEARCH, TMPL_MENUID, USERID, CSS_CLASSNAME, ROWNUMBER,
FLDFORMAT ) VALUES ( 
999, 733, 0, 817, 4, 'TDDeparture', 6, '0'); 
INSERT INTO S_TMPL_FLD ( ID, FLD_ID, SEARCH, TMPL_MENUID, USERID, CSS_CLASSNAME, ROWNUMBER,
FLDFORMAT ) VALUES ( 
1000, 57, 0, 817, 4, 'TDDeparture', 7, '0'); 
INSERT INTO S_TMPL_FLD ( ID, FLD_ID, SEARCH, TMPL_MENUID, USERID, CSS_CLASSNAME, ROWNUMBER,
FLDFORMAT ) VALUES ( 
1001, 59, 0, 817, 4, 'TDDeparture', 7, '0'); 
INSERT INTO S_TMPL_FLD ( ID, FLD_ID, SEARCH, TMPL_MENUID, USERID, CSS_CLASSNAME, ROWNUMBER,
FLDFORMAT ) VALUES ( 
1003, 731, 1, 817, 4, 'TDDeparture', 10, '0'); 
INSERT INTO S_TMPL_FLD ( ID, FLD_ID, SEARCH, TMPL_MENUID, USERID, CSS_CLASSNAME, ROWNUMBER,
FLDFORMAT ) VALUES ( 
1004, 322, 0, 817, 4, 'TDDeparture', 11, '1'); 
INSERT INTO S_TMPL_FLD ( ID, FLD_ID, SEARCH, TMPL_MENUID, USERID, CSS_CLASSNAME, ROWNUMBER,
FLDFORMAT ) VALUES ( 
1005, 53, 0, 817, 4, 'TDDeparture', 12, '1'); 
INSERT INTO S_TMPL_FLD ( ID, FLD_ID, SEARCH, TMPL_MENUID, USERID, CSS_CLASSNAME, ROWNUMBER,
FLDFORMAT ) VALUES ( 
1006, 55, 0, 817, 4, 'TDDeparture', 13, '1'); 
INSERT INTO S_TMPL_FLD ( ID, FLD_ID, SEARCH, TMPL_MENUID, USERID, CSS_CLASSNAME, ROWNUMBER,
FLDFORMAT ) VALUES ( 
1007, 627, 0, 817, 4, 'TDDeparture', 14, '0'); 
INSERT INTO S_TMPL_FLD ( ID, FLD_ID, SEARCH, TMPL_MENUID, USERID, CSS_CLASSNAME, ROWNUMBER,
FLDFORMAT ) VALUES ( 
1010, 743, 1, 817, 4, 'TDDeparture', 99, '0'); 
INSERT INTO S_TMPL_FLD ( ID, FLD_ID, SEARCH, TMPL_MENUID, USERID, CSS_CLASSNAME, ROWNUMBER,
FLDFORMAT ) VALUES ( 
1011, 743, 1, 797, 4, 'TDArrival', 99, '0'); 
INSERT INTO S_TMPL_FLD ( ID, FLD_ID, SEARCH, TMPL_MENUID, USERID, CSS_CLASSNAME, ROWNUMBER,
FLDFORMAT ) VALUES ( 
1012, 47, 0, 817, 4, 'TDDeparture', 4, '0'); 
INSERT INTO S_TMPL_FLD ( ID, FLD_ID, SEARCH, TMPL_MENUID, USERID, CSS_CLASSNAME, ROWNUMBER,
FLDFORMAT ) VALUES ( 
1026, 1013, 0, 2, 4, 'TDArrival', 4, '0'); 
INSERT INTO S_TMPL_FLD ( ID, FLD_ID, SEARCH, TMPL_MENUID, USERID, CSS_CLASSNAME, ROWNUMBER,
FLDFORMAT ) VALUES ( 
1027, 1013, 0, 797, 4, 'TDArrival', 4, '0'); 
INSERT INTO S_TMPL_FLD ( ID, FLD_ID, SEARCH, TMPL_MENUID, USERID, CSS_CLASSNAME, ROWNUMBER,
FLDFORMAT ) VALUES ( 
1018, 1014, 0, 817, 4, 'TDDeparture', 4, '0'); 
INSERT INTO S_TMPL_FLD ( ID, FLD_ID, SEARCH, TMPL_MENUID, USERID, CSS_CLASSNAME, ROWNUMBER,
FLDFORMAT ) VALUES ( 
958, 239, 1, 2, 4, 'TDArrival', 3, '0'); 
INSERT INTO S_TMPL_FLD ( ID, FLD_ID, SEARCH, TMPL_MENUID, USERID, CSS_CLASSNAME, ROWNUMBER,
FLDFORMAT ) VALUES ( 
966, 713, 0, 2, 4, 'TDArrival', 11, '0'); 
INSERT INTO S_TMPL_FLD ( ID, FLD_ID, SEARCH, TMPL_MENUID, USERID, CSS_CLASSNAME, ROWNUMBER,
FLDFORMAT ) VALUES ( 
973, 55, 0, 1, 4, 'TDDeparture', 13, '1'); 
INSERT INTO S_TMPL_FLD ( ID, FLD_ID, SEARCH, TMPL_MENUID, USERID, CSS_CLASSNAME, ROWNUMBER,
FLDFORMAT ) VALUES ( 
979, 832, 0, 817, 4, 'TDDeparture', 8, '1'); 
INSERT INTO S_TMPL_FLD ( ID, FLD_ID, SEARCH, TMPL_MENUID, USERID, CSS_CLASSNAME, ROWNUMBER,
FLDFORMAT ) VALUES ( 
987, 549, 0, 797, 4, 'TDArrival', 8, '1'); 
INSERT INTO S_TMPL_FLD ( ID, FLD_ID, SEARCH, TMPL_MENUID, USERID, CSS_CLASSNAME, ROWNUMBER,
FLDFORMAT ) VALUES ( 
994, 232, 1, 797, 4, 'TDArrival', 2, '2'); 
INSERT INTO S_TMPL_FLD ( ID, FLD_ID, SEARCH, TMPL_MENUID, USERID, CSS_CLASSNAME, ROWNUMBER,
FLDFORMAT ) VALUES ( 
1002, 262, 0, 817, 4, 'TDDeparture', 9, '0'); 
INSERT INTO S_TMPL_FLD ( ID, FLD_ID, SEARCH, TMPL_MENUID, USERID, CSS_CLASSNAME, ROWNUMBER,
FLDFORMAT ) VALUES ( 
1009, 556, 0, 817, 4, 'TDDeparture', 16, '0'); 
INSERT INTO S_TMPL_FLD ( ID, FLD_ID, SEARCH, TMPL_MENUID, USERID, CSS_CLASSNAME, ROWNUMBER,
FLDFORMAT ) VALUES ( 
964, 57, 0, 1, 4, 'TDDeparture', 7, '0'); 
INSERT INTO S_TMPL_FLD ( ID, FLD_ID, SEARCH, TMPL_MENUID, USERID, CSS_CLASSNAME, ROWNUMBER,
FLDFORMAT ) VALUES ( 
969, 1, 1, 1, 4, 'TDDeparture', 3, '2'); 
INSERT INTO S_TMPL_FLD ( ID, FLD_ID, SEARCH, TMPL_MENUID, USERID, CSS_CLASSNAME, ROWNUMBER,
FLDFORMAT ) VALUES ( 
971, 322, 0, 1, 4, 'TDDeparture', 11, '1'); 
INSERT INTO S_TMPL_FLD ( ID, FLD_ID, SEARCH, TMPL_MENUID, USERID, CSS_CLASSNAME, ROWNUMBER,
FLDFORMAT ) VALUES ( 
975, 262, 0, 1, 4, 'TDDeparture', 9, '0'); 
INSERT INTO S_TMPL_FLD ( ID, FLD_ID, SEARCH, TMPL_MENUID, USERID, CSS_CLASSNAME, ROWNUMBER,
FLDFORMAT ) VALUES ( 
977, 731, 1, 1, 4, 'TDDeparture', 10, '0'); 
INSERT INTO S_TMPL_FLD ( ID, FLD_ID, SEARCH, TMPL_MENUID, USERID, CSS_CLASSNAME, ROWNUMBER,
FLDFORMAT ) VALUES ( 
1017, 1014, 0, 1, 4, 'TDDeparture', 4, '0'); 
INSERT INTO S_TMPL_FLD ( ID, FLD_ID, SEARCH, TMPL_MENUID, USERID, CSS_CLASSNAME, ROWNUMBER,
FLDFORMAT ) VALUES ( 
1325, 732, 0, 797, 4, 'TDArrival', 5, '0'); 
INSERT INTO S_TMPL_FLD ( ID, FLD_ID, SEARCH, TMPL_MENUID, USERID, CSS_CLASSNAME, ROWNUMBER,
FLDFORMAT ) VALUES ( 
1326, 733, 0, 797, 4, 'TDArrival', 6, '0'); 
INSERT INTO S_TMPL_FLD ( ID, FLD_ID, SEARCH, TMPL_MENUID, USERID, CSS_CLASSNAME, ROWNUMBER,
FLDFORMAT ) VALUES ( 
1327, 556, 0, 797, 4, 'TDArrival', 16, '0'); 
INSERT INTO S_TMPL_FLD ( ID, FLD_ID, SEARCH, TMPL_MENUID, USERID, CSS_CLASSNAME, ROWNUMBER,
FLDFORMAT ) VALUES ( 
1328, 724, 0, 797, 4, 'TDArrival', 1, '0'); 
INSERT INTO S_TMPL_FLD ( ID, FLD_ID, SEARCH, TMPL_MENUID, USERID, CSS_CLASSNAME, ROWNUMBER,
FLDFORMAT ) VALUES ( 
1329, 2, 0, 817, 4, 'TDDeparture', 2, '0'); 
INSERT INTO S_TMPL_FLD ( ID, FLD_ID, SEARCH, TMPL_MENUID, USERID, CSS_CLASSNAME, ROWNUMBER,
FLDFORMAT ) VALUES ( 
1330, 712, 0, 817, 4, 'TDDeparture', 15, '0'); 
INSERT INTO S_TMPL_FLD ( ID, FLD_ID, SEARCH, TMPL_MENUID, USERID, CSS_CLASSNAME, ROWNUMBER,
FLDFORMAT ) VALUES ( 
1331, 724, 0, 2, 4, 'TDArrival', 1, '0'); 
INSERT INTO S_TMPL_FLD ( ID, FLD_ID, SEARCH, TMPL_MENUID, USERID, CSS_CLASSNAME, ROWNUMBER,
FLDFORMAT ) VALUES ( 
1332, 732, 0, 2, 4, 'TDArrival', 5, '0'); 
INSERT INTO S_TMPL_FLD ( ID, FLD_ID, SEARCH, TMPL_MENUID, USERID, CSS_CLASSNAME, ROWNUMBER,
FLDFORMAT ) VALUES ( 
1333, 733, 0, 2, 4, 'TDArrival', 6, '0'); 
INSERT INTO S_TMPL_FLD ( ID, FLD_ID, SEARCH, TMPL_MENUID, USERID, CSS_CLASSNAME, ROWNUMBER,
FLDFORMAT ) VALUES ( 
1334, 556, 0, 2, 4, 'TDArrival', 16, '0'); 
INSERT INTO S_TMPL_FLD ( ID, FLD_ID, SEARCH, TMPL_MENUID, USERID, CSS_CLASSNAME, ROWNUMBER,
FLDFORMAT ) VALUES ( 
1335, 2, 0, 1, 4, 'TDDeparture', 2, '0'); 
INSERT INTO S_TMPL_FLD ( ID, FLD_ID, SEARCH, TMPL_MENUID, USERID, CSS_CLASSNAME, ROWNUMBER,
FLDFORMAT ) VALUES ( 
1336, 712, 0, 1, 4, 'TDDeparture', 15, '0'); 
INSERT INTO S_TMPL_FLD ( ID, FLD_ID, SEARCH, TMPL_MENUID, USERID, CSS_CLASSNAME, ROWNUMBER,
FLDFORMAT ) VALUES ( 
1598, NULL, 1, 797, 1595, NULL, NULL, '1'); 
INSERT INTO S_TMPL_FLD ( ID, FLD_ID, SEARCH, TMPL_MENUID, USERID, CSS_CLASSNAME, ROWNUMBER,
FLDFORMAT ) VALUES ( 
1600, 712, 0, 797, 1595, NULL, NULL, '0'); 
INSERT INTO S_TMPL_FLD ( ID, FLD_ID, SEARCH, TMPL_MENUID, USERID, CSS_CLASSNAME, ROWNUMBER,
FLDFORMAT ) VALUES ( 
1601, NULL, 1, NULL, NULL, NULL, NULL, NULL); 
INSERT INTO S_TMPL_FLD ( ID, FLD_ID, SEARCH, TMPL_MENUID, USERID, CSS_CLASSNAME, ROWNUMBER,
FLDFORMAT ) VALUES ( 
1615, NULL, 0, NULL, NULL, NULL, NULL, NULL); 
INSERT INTO S_TMPL_FLD ( ID, FLD_ID, SEARCH, TMPL_MENUID, USERID, CSS_CLASSNAME, ROWNUMBER,
FLDFORMAT ) VALUES ( 
1616, 273, 1, 1, 4, 'TDDeparture', 10, NULL); 
INSERT INTO S_TMPL_FLD ( ID, FLD_ID, SEARCH, TMPL_MENUID, USERID, CSS_CLASSNAME, ROWNUMBER,
FLDFORMAT ) VALUES ( 
1617, 273, 1, 817, 4, 'TDDeparture', 10, '0'); 
INSERT INTO S_TMPL_FLD ( ID, FLD_ID, SEARCH, TMPL_MENUID, USERID, CSS_CLASSNAME, ROWNUMBER,
FLDFORMAT ) VALUES ( 
1653, 1634, 1, 1633, 4, 'TDStandard', 1, '0'); 
INSERT INTO S_TMPL_FLD ( ID, FLD_ID, SEARCH, TMPL_MENUID, USERID, CSS_CLASSNAME, ROWNUMBER,
FLDFORMAT ) VALUES ( 
1643, 1636, 0, 1633, 4, 'TDStandard', 3, '0'); 
INSERT INTO S_TMPL_FLD ( ID, FLD_ID, SEARCH, TMPL_MENUID, USERID, CSS_CLASSNAME, ROWNUMBER,
FLDFORMAT ) VALUES ( 
1644, 1638, 0, 1633, 4, 'TDStandard', 4, '0'); 
INSERT INTO S_TMPL_FLD ( ID, FLD_ID, SEARCH, TMPL_MENUID, USERID, CSS_CLASSNAME, ROWNUMBER,
FLDFORMAT ) VALUES ( 
1645, 1637, 0, 1633, 4, 'TDStandard', 5, '0'); 
INSERT INTO S_TMPL_FLD ( ID, FLD_ID, SEARCH, TMPL_MENUID, USERID, CSS_CLASSNAME, ROWNUMBER,
FLDFORMAT ) VALUES ( 
1646, 1639, 1, 1633, 4, 'TDStandard', 6, '0'); 
commit;
 
INSERT INTO S_TMPL_FLD_COPY ( ID, FLD_ID, SEARCH, TMPL_MENUID, USERID,
CSS_CLASSNAME ) VALUES ( 
946, 743, 1, 2, 1072, 'TDArrival'); 
INSERT INTO S_TMPL_FLD_COPY ( ID, FLD_ID, SEARCH, TMPL_MENUID, USERID,
CSS_CLASSNAME ) VALUES ( 
947, 743, 1, 1, 1072, 'TDDeparture'); 
INSERT INTO S_TMPL_FLD_COPY ( ID, FLD_ID, SEARCH, TMPL_MENUID, USERID,
CSS_CLASSNAME ) VALUES ( 
948, 724, 0, 1, 1072, 'TDDeparture'); 
INSERT INTO S_TMPL_FLD_COPY ( ID, FLD_ID, SEARCH, TMPL_MENUID, USERID,
CSS_CLASSNAME ) VALUES ( 
950, 732, 0, 1, 1072, 'TDDeparture'); 
INSERT INTO S_TMPL_FLD_COPY ( ID, FLD_ID, SEARCH, TMPL_MENUID, USERID,
CSS_CLASSNAME ) VALUES ( 
951, 733, 0, 1, 1072, 'TDDeparture'); 
INSERT INTO S_TMPL_FLD_COPY ( ID, FLD_ID, SEARCH, TMPL_MENUID, USERID,
CSS_CLASSNAME ) VALUES ( 
956, 2, 1, 2, 1072, 'TDArrival'); 
INSERT INTO S_TMPL_FLD_COPY ( ID, FLD_ID, SEARCH, TMPL_MENUID, USERID,
CSS_CLASSNAME ) VALUES ( 
945, 712, 0, 2, 1072, 'TDArrival'); 
INSERT INTO S_TMPL_FLD_COPY ( ID, FLD_ID, SEARCH, TMPL_MENUID, USERID,
CSS_CLASSNAME ) VALUES ( 
957, 232, 1, 2, 1072, 'TDArrival'); 
INSERT INTO S_TMPL_FLD_COPY ( ID, FLD_ID, SEARCH, TMPL_MENUID, USERID,
CSS_CLASSNAME ) VALUES ( 
958, 239, 1, 2, 1072, 'TDArrival'); 
INSERT INTO S_TMPL_FLD_COPY ( ID, FLD_ID, SEARCH, TMPL_MENUID, USERID,
CSS_CLASSNAME ) VALUES ( 
959, 233, 0, 2, 1072, 'TDArrival'); 
INSERT INTO S_TMPL_FLD_COPY ( ID, FLD_ID, SEARCH, TMPL_MENUID, USERID,
CSS_CLASSNAME ) VALUES ( 
960, 549, 0, 2, 1072, 'TDArrival'); 
INSERT INTO S_TMPL_FLD_COPY ( ID, FLD_ID, SEARCH, TMPL_MENUID, USERID,
CSS_CLASSNAME ) VALUES ( 
961, 234, 0, 2, 1072, 'TDArrival'); 
INSERT INTO S_TMPL_FLD_COPY ( ID, FLD_ID, SEARCH, TMPL_MENUID, USERID,
CSS_CLASSNAME ) VALUES ( 
962, 553, 0, 2, 1072, 'TDArrival'); 
INSERT INTO S_TMPL_FLD_COPY ( ID, FLD_ID, SEARCH, TMPL_MENUID, USERID,
CSS_CLASSNAME ) VALUES ( 
963, 390, 0, 2, 1072, 'TDArrival'); 
INSERT INTO S_TMPL_FLD_COPY ( ID, FLD_ID, SEARCH, TMPL_MENUID, USERID,
CSS_CLASSNAME ) VALUES ( 
964, 57, 0, 1, 1072, 'TDDeparture'); 
INSERT INTO S_TMPL_FLD_COPY ( ID, FLD_ID, SEARCH, TMPL_MENUID, USERID,
CSS_CLASSNAME ) VALUES ( 
965, 273, 0, 2, 1072, 'TDArrival'); 
INSERT INTO S_TMPL_FLD_COPY ( ID, FLD_ID, SEARCH, TMPL_MENUID, USERID,
CSS_CLASSNAME ) VALUES ( 
966, 713, 0, 2, 1072, 'TDArrival'); 
INSERT INTO S_TMPL_FLD_COPY ( ID, FLD_ID, SEARCH, TMPL_MENUID, USERID,
CSS_CLASSNAME ) VALUES ( 
968, 59, 0, 1, 1072, 'TDDeparture'); 
INSERT INTO S_TMPL_FLD_COPY ( ID, FLD_ID, SEARCH, TMPL_MENUID, USERID,
CSS_CLASSNAME ) VALUES ( 
969, 1, 1, 1, 1072, 'TDDeparture'); 
INSERT INTO S_TMPL_FLD_COPY ( ID, FLD_ID, SEARCH, TMPL_MENUID, USERID,
CSS_CLASSNAME ) VALUES ( 
970, 47, 1, 1, 1072, 'TDDeparture'); 
INSERT INTO S_TMPL_FLD_COPY ( ID, FLD_ID, SEARCH, TMPL_MENUID, USERID,
CSS_CLASSNAME ) VALUES ( 
971, 322, 0, 1, 1072, 'TDDeparture'); 
INSERT INTO S_TMPL_FLD_COPY ( ID, FLD_ID, SEARCH, TMPL_MENUID, USERID,
CSS_CLASSNAME ) VALUES ( 
972, 53, 0, 1, 1072, 'TDDeparture'); 
INSERT INTO S_TMPL_FLD_COPY ( ID, FLD_ID, SEARCH, TMPL_MENUID, USERID,
CSS_CLASSNAME ) VALUES ( 
973, 55, 0, 1, 1072, 'TDDeparture'); 
INSERT INTO S_TMPL_FLD_COPY ( ID, FLD_ID, SEARCH, TMPL_MENUID, USERID,
CSS_CLASSNAME ) VALUES ( 
974, 556, 0, 1, 1072, 'TDDeparture'); 
INSERT INTO S_TMPL_FLD_COPY ( ID, FLD_ID, SEARCH, TMPL_MENUID, USERID,
CSS_CLASSNAME ) VALUES ( 
975, 262, 0, 1, 1072, 'TDDeparture'); 
INSERT INTO S_TMPL_FLD_COPY ( ID, FLD_ID, SEARCH, TMPL_MENUID, USERID,
CSS_CLASSNAME ) VALUES ( 
976, 627, 0, 1, 1072, 'TDDeparture'); 
INSERT INTO S_TMPL_FLD_COPY ( ID, FLD_ID, SEARCH, TMPL_MENUID, USERID,
CSS_CLASSNAME ) VALUES ( 
977, 731, 0, 1, 1072, 'TDDeparture'); 
INSERT INTO S_TMPL_FLD_COPY ( ID, FLD_ID, SEARCH, TMPL_MENUID, USERID,
CSS_CLASSNAME ) VALUES ( 
978, 832, 0, 1, 1072, 'TDDeparture'); 
INSERT INTO S_TMPL_FLD_COPY ( ID, FLD_ID, SEARCH, TMPL_MENUID, USERID,
CSS_CLASSNAME ) VALUES ( 
979, 832, 0, 817, 1072, 'TDDeparture'); 
INSERT INTO S_TMPL_FLD_COPY ( ID, FLD_ID, SEARCH, TMPL_MENUID, USERID,
CSS_CLASSNAME ) VALUES ( 
981, 2, 1, 797, 1072, 'TDArrival'); 
INSERT INTO S_TMPL_FLD_COPY ( ID, FLD_ID, SEARCH, TMPL_MENUID, USERID,
CSS_CLASSNAME ) VALUES ( 
982, 239, 0, 797, 1072, 'TDArrival'); 
INSERT INTO S_TMPL_FLD_COPY ( ID, FLD_ID, SEARCH, TMPL_MENUID, USERID,
CSS_CLASSNAME ) VALUES ( 
985, 273, 0, 797, 1072, 'TDArrival'); 
INSERT INTO S_TMPL_FLD_COPY ( ID, FLD_ID, SEARCH, TMPL_MENUID, USERID,
CSS_CLASSNAME ) VALUES ( 
986, 233, 0, 797, 1072, 'TDArrival'); 
INSERT INTO S_TMPL_FLD_COPY ( ID, FLD_ID, SEARCH, TMPL_MENUID, USERID,
CSS_CLASSNAME ) VALUES ( 
987, 549, 0, 797, 1072, 'TDArrival'); 
INSERT INTO S_TMPL_FLD_COPY ( ID, FLD_ID, SEARCH, TMPL_MENUID, USERID,
CSS_CLASSNAME ) VALUES ( 
988, 234, 0, 797, 1072, 'TDArrival'); 
INSERT INTO S_TMPL_FLD_COPY ( ID, FLD_ID, SEARCH, TMPL_MENUID, USERID,
CSS_CLASSNAME ) VALUES ( 
989, 713, 0, 797, 1072, 'TDArrival'); 
INSERT INTO S_TMPL_FLD_COPY ( ID, FLD_ID, SEARCH, TMPL_MENUID, USERID,
CSS_CLASSNAME ) VALUES ( 
990, 553, 0, 797, 1072, 'TDArrival'); 
INSERT INTO S_TMPL_FLD_COPY ( ID, FLD_ID, SEARCH, TMPL_MENUID, USERID,
CSS_CLASSNAME ) VALUES ( 
991, 390, 0, 797, 1072, 'TDArrival'); 
INSERT INTO S_TMPL_FLD_COPY ( ID, FLD_ID, SEARCH, TMPL_MENUID, USERID,
CSS_CLASSNAME ) VALUES ( 
993, 712, 0, 797, 1072, 'TDArrival'); 
INSERT INTO S_TMPL_FLD_COPY ( ID, FLD_ID, SEARCH, TMPL_MENUID, USERID,
CSS_CLASSNAME ) VALUES ( 
994, 232, 0, 797, 1072, 'TDArrival'); 
INSERT INTO S_TMPL_FLD_COPY ( ID, FLD_ID, SEARCH, TMPL_MENUID, USERID,
CSS_CLASSNAME ) VALUES ( 
995, 724, 0, 817, 1072, 'TDDeparture'); 
INSERT INTO S_TMPL_FLD_COPY ( ID, FLD_ID, SEARCH, TMPL_MENUID, USERID,
CSS_CLASSNAME ) VALUES ( 
997, 1, 0, 817, 1072, 'TDDeparture'); 
INSERT INTO S_TMPL_FLD_COPY ( ID, FLD_ID, SEARCH, TMPL_MENUID, USERID,
CSS_CLASSNAME ) VALUES ( 
998, 732, 0, 817, 1072, 'TDDeparture'); 
INSERT INTO S_TMPL_FLD_COPY ( ID, FLD_ID, SEARCH, TMPL_MENUID, USERID,
CSS_CLASSNAME ) VALUES ( 
999, 733, 0, 817, 1072, 'TDDeparture'); 
INSERT INTO S_TMPL_FLD_COPY ( ID, FLD_ID, SEARCH, TMPL_MENUID, USERID,
CSS_CLASSNAME ) VALUES ( 
1000, 57, 0, 817, 1072, 'TDDeparture'); 
INSERT INTO S_TMPL_FLD_COPY ( ID, FLD_ID, SEARCH, TMPL_MENUID, USERID,
CSS_CLASSNAME ) VALUES ( 
1001, 59, 0, 817, 1072, 'TDDeparture'); 
INSERT INTO S_TMPL_FLD_COPY ( ID, FLD_ID, SEARCH, TMPL_MENUID, USERID,
CSS_CLASSNAME ) VALUES ( 
1002, 262, 0, 817, 1072, 'TDDeparture'); 
INSERT INTO S_TMPL_FLD_COPY ( ID, FLD_ID, SEARCH, TMPL_MENUID, USERID,
CSS_CLASSNAME ) VALUES ( 
1003, 731, 0, 817, 1072, 'TDDeparture'); 
INSERT INTO S_TMPL_FLD_COPY ( ID, FLD_ID, SEARCH, TMPL_MENUID, USERID,
CSS_CLASSNAME ) VALUES ( 
1004, 322, 0, 817, 1072, 'TDDeparture'); 
INSERT INTO S_TMPL_FLD_COPY ( ID, FLD_ID, SEARCH, TMPL_MENUID, USERID,
CSS_CLASSNAME ) VALUES ( 
1005, 53, 0, 817, 1072, 'TDDeparture'); 
INSERT INTO S_TMPL_FLD_COPY ( ID, FLD_ID, SEARCH, TMPL_MENUID, USERID,
CSS_CLASSNAME ) VALUES ( 
1006, 55, 0, 817, 1072, 'TDDeparture'); 
INSERT INTO S_TMPL_FLD_COPY ( ID, FLD_ID, SEARCH, TMPL_MENUID, USERID,
CSS_CLASSNAME ) VALUES ( 
1007, 627, 0, 817, 1072, 'TDDeparture'); 
INSERT INTO S_TMPL_FLD_COPY ( ID, FLD_ID, SEARCH, TMPL_MENUID, USERID,
CSS_CLASSNAME ) VALUES ( 
1009, 556, 0, 817, 1072, 'TDDeparture'); 
INSERT INTO S_TMPL_FLD_COPY ( ID, FLD_ID, SEARCH, TMPL_MENUID, USERID,
CSS_CLASSNAME ) VALUES ( 
1010, 743, 1, 817, 1072, 'TDDeparture'); 
INSERT INTO S_TMPL_FLD_COPY ( ID, FLD_ID, SEARCH, TMPL_MENUID, USERID,
CSS_CLASSNAME ) VALUES ( 
1011, 743, 1, 797, 1072, 'TDArrival'); 
INSERT INTO S_TMPL_FLD_COPY ( ID, FLD_ID, SEARCH, TMPL_MENUID, USERID,
CSS_CLASSNAME ) VALUES ( 
1012, 47, 0, 817, 1072, 'TDDeparture'); 
INSERT INTO S_TMPL_FLD_COPY ( ID, FLD_ID, SEARCH, TMPL_MENUID, USERID,
CSS_CLASSNAME ) VALUES ( 
1026, 1013, 0, 2, 1072, 'TDArrival'); 
INSERT INTO S_TMPL_FLD_COPY ( ID, FLD_ID, SEARCH, TMPL_MENUID, USERID,
CSS_CLASSNAME ) VALUES ( 
1027, 1013, 0, 797, 1072, 'TDArrival'); 
INSERT INTO S_TMPL_FLD_COPY ( ID, FLD_ID, SEARCH, TMPL_MENUID, USERID,
CSS_CLASSNAME ) VALUES ( 
1017, 1014, 0, 1, 1072, 'TDDeparture'); 
INSERT INTO S_TMPL_FLD_COPY ( ID, FLD_ID, SEARCH, TMPL_MENUID, USERID,
CSS_CLASSNAME ) VALUES ( 
1018, 1014, 0, 817, 1072, 'TDDeparture'); 
INSERT INTO S_TMPL_FLD_COPY ( ID, FLD_ID, SEARCH, TMPL_MENUID, USERID,
CSS_CLASSNAME ) VALUES ( 
1325, 732, 0, 797, 1072, 'TDArrival'); 
INSERT INTO S_TMPL_FLD_COPY ( ID, FLD_ID, SEARCH, TMPL_MENUID, USERID,
CSS_CLASSNAME ) VALUES ( 
1326, 733, 0, 797, 1072, 'TDArrival'); 
INSERT INTO S_TMPL_FLD_COPY ( ID, FLD_ID, SEARCH, TMPL_MENUID, USERID,
CSS_CLASSNAME ) VALUES ( 
1327, 556, 0, 797, 1072, 'TDArrival'); 
INSERT INTO S_TMPL_FLD_COPY ( ID, FLD_ID, SEARCH, TMPL_MENUID, USERID,
CSS_CLASSNAME ) VALUES ( 
1328, 724, 0, 797, 1072, 'TDArrival'); 
INSERT INTO S_TMPL_FLD_COPY ( ID, FLD_ID, SEARCH, TMPL_MENUID, USERID,
CSS_CLASSNAME ) VALUES ( 
1329, 2, 0, 817, 1072, 'TDDeparture'); 
INSERT INTO S_TMPL_FLD_COPY ( ID, FLD_ID, SEARCH, TMPL_MENUID, USERID,
CSS_CLASSNAME ) VALUES ( 
1330, 712, 0, 817, 1072, 'TDDeparture'); 
INSERT INTO S_TMPL_FLD_COPY ( ID, FLD_ID, SEARCH, TMPL_MENUID, USERID,
CSS_CLASSNAME ) VALUES ( 
1331, 724, 0, 2, 1072, 'TDArrival'); 
INSERT INTO S_TMPL_FLD_COPY ( ID, FLD_ID, SEARCH, TMPL_MENUID, USERID,
CSS_CLASSNAME ) VALUES ( 
1332, 732, 0, 2, 1072, 'TDArrival'); 
INSERT INTO S_TMPL_FLD_COPY ( ID, FLD_ID, SEARCH, TMPL_MENUID, USERID,
CSS_CLASSNAME ) VALUES ( 
1333, 733, 0, 2, 1072, 'TDArrival'); 
INSERT INTO S_TMPL_FLD_COPY ( ID, FLD_ID, SEARCH, TMPL_MENUID, USERID,
CSS_CLASSNAME ) VALUES ( 
1334, 556, 0, 2, 1072, 'TDArrival'); 
INSERT INTO S_TMPL_FLD_COPY ( ID, FLD_ID, SEARCH, TMPL_MENUID, USERID,
CSS_CLASSNAME ) VALUES ( 
1335, 2, 0, 1, 1072, 'TDDeparture'); 
INSERT INTO S_TMPL_FLD_COPY ( ID, FLD_ID, SEARCH, TMPL_MENUID, USERID,
CSS_CLASSNAME ) VALUES ( 
1336, 712, 0, 1, 1072, 'TDDeparture'); 
commit;
 
INSERT INTO S_TMPL_MENUS ( MENUNAME, ROWNUMBER, QUERY, TMPL_MENUID, PAGETITLE, ORGDES, REFRESHRATE,
ROWSPERPAGE, HLCYCLE, SHOWTIMEVALUES, TFVAL1, TFVAL2, MENUNAME_TR ) VALUES ( 
'Towings (En)', 5, 'select 
urno,flno,rkey,regn,stoa,psta,ofbl,psta,psta,psta,onbl,pstd,stod,psta
from cerda.afttab 
WHERE ((TIFA BETWEEN ''$TfVal1'' AND ''$TfVal2'') AND (FTYP =''T'')) ORDER BY FLNO,STOD'
, 6, 'Towings (En)', NULL, 60, 15, 0, 1, 60, 1440, 'Towings (Pol)'); 
INSERT INTO S_TMPL_MENUS ( MENUNAME, ROWNUMBER, QUERY, TMPL_MENUID, PAGETITLE, ORGDES, REFRESHRATE,
ROWSPERPAGE, HLCYCLE, SHOWTIMEVALUES, TFVAL1, TFVAL2, MENUNAME_TR ) VALUES ( 
'Departures (En)', 4, 'select 
urno,flno,jfno,des3,via1,stod,ofbl,airb,etod,gtd1,wro1,pstd,act3,regn,remp  from ceda.afttab  WHERE 
WHERE ((TIFD BETWEEN ''$TfVal1'' AND ''$TfVal2'') AND (ADID = ''D'' OR ADID = ''B'') AND (FLNO <> '' '')  AND (FTYP in (''O'',''X'',''D'',''R'')) AND (TTYP in ('' '',''03'',''01'',''11'',''12'',''13'',''14'',''CH''))) ORDER BY STOD,FLNO'
, 1, 'DEPARTURE', 'Dest.', 60, 100, 0, 1, -1440, 1440, 'Departures (Pol)'); 
INSERT INTO S_TMPL_MENUS ( MENUNAME, ROWNUMBER, QUERY, TMPL_MENUID, PAGETITLE, ORGDES, REFRESHRATE,
ROWSPERPAGE, HLCYCLE, SHOWTIMEVALUES, TFVAL1, TFVAL2, MENUNAME_TR ) VALUES ( 
'Arrivals (En)', 3, 'select urnoflno,jfno,org3,via1,stoa,land,onbl,etoa,blt1,psta,act3,regn,remp  from ceda.afttab WHERE 
WHERE ((TIFA BETWEEN ''$TfVal1'' AND ''$TfVal2'') AND (ADID = ''A'' OR ADID = ''B'') AND (FLNO <> '' '')  AND (FTYP in (''O'',''X'',''D'',''R'')) AND (TTYP in (''01'',''11'',''12'',''13'',''14'',''CH''))) ORDER BY STOA,FLNO
'
, 2, 'ARRIVAL', 'Orig.', 60, 100, 0, 1, -1440, 1440, 'Arrivals (Pol)'); 
INSERT INTO S_TMPL_MENUS ( MENUNAME, ROWNUMBER, QUERY, TMPL_MENUID, PAGETITLE, ORGDES, REFRESHRATE,
ROWSPERPAGE, HLCYCLE, SHOWTIMEVALUES, TFVAL1, TFVAL2, MENUNAME_TR ) VALUES ( 
'Arrival Baggage Conveyors (En)', 1, 'select urno,blt1,flno,jfno,org3,via1,stoa,onbl,b1ba,b1ea,paxt,remp from ceda.afttab 
where 
WHERE (((TIFA BETWEEN GET_UTCTIME(-60, ''WAW'') AND GET_UTCTIME(180, ''WAW'')) AND (ADID = ''A'')) and (onbl <> '' '') and (blt1 != '' '') and (((b1ea > ''start_minute_0'') and (blt1 <= ''5'')) OR ((b1ea = '' '') and (onbl > ''end_minute_0'') and (blt1 <= ''5'')))) ORDER BY BLT1,ONBL'
, 0, 'Arrival Baggage Conveyors', NULL, 60, 50, 0, 1, NULL, NULL, 'Arrival Baggage Conveyors (Pol)'); 
INSERT INTO S_TMPL_MENUS ( MENUNAME, ROWNUMBER, QUERY, TMPL_MENUID, PAGETITLE, ORGDES, REFRESHRATE,
ROWSPERPAGE, HLCYCLE, SHOWTIMEVALUES, TFVAL1, TFVAL2, MENUNAME_TR ) VALUES ( 
'Check-in desks  (En)', 3, 'select 
 urno,ckic,flnu,ctyp,ckbs,ckes,hopo,hopo,hopo,disp
from ceda.ccatab
WHERE ((ckbs<''$TfVal1'' and ckbs <> '' '' and (ckes = '' '' or ckes > ''$TfVal2'')) and (ckic <> '' '') and ((ctyp = '' '') or (ctyp = ''C''))  and (ckic <= ''46'')) ORDER BY CKIC,CKBS'
, 3, 'Check-in desks ', NULL, 60, 15, 0, 1, 0, 0, 'Check-in desks  (Pol)'); 
INSERT INTO S_TMPL_MENUS ( MENUNAME, ROWNUMBER, QUERY, TMPL_MENUID, PAGETITLE, ORGDES, REFRESHRATE,
ROWSPERPAGE, HLCYCLE, SHOWTIMEVALUES, TFVAL1, TFVAL2, MENUNAME_TR ) VALUES ( 
'Gates (En)', 4, 'select 
urno,gtd1,wro1,flno,jfno,des3,via1,stod,etod,paxt,remp
from ceda.afttab
where
WHERE ((TIFD BETWEEN ''$TfVal1'' AND ''$TfVal2'' ) AND (ADID = ''D'') AND FLNO <> '' '' AND GTD1 <> '' '' AND (GD1x <> '' '') AND ((remp <> ''GCL'') and (remp <> ''DEP''))) ORDER BY GTD1 '
, 4, 'Gates', NULL, 60, 15, 0, 1, 30, 30, 'Gates (Pol)'); 
INSERT INTO S_TMPL_MENUS ( MENUNAME, ROWNUMBER, QUERY, TMPL_MENUID, PAGETITLE, ORGDES, REFRESHRATE,
ROWSPERPAGE, HLCYCLE, SHOWTIMEVALUES, TFVAL1, TFVAL2, MENUNAME_TR ) VALUES ( 
'Parking Stands (En)', 4, 'select urno,psta,regn,act3,flno,onbl,vial,vial,vial,vial
from ceda.afttab
WHERE ((TIFA BETWEEN ''$TfVal1'' AND ''$TfVal2'') AND (PSTA <> '' '') AND FTYP=''O'' AND (ONBL <> '' '')) ORDER BY FLNO'
, 5, 'Parking Stands', NULL, 60, 15, 0, 1, -4320, 300, 'Parking Stands (Pol)'); 
INSERT INTO S_TMPL_MENUS ( MENUNAME, ROWNUMBER, QUERY, TMPL_MENUID, PAGETITLE, ORGDES, REFRESHRATE,
ROWSPERPAGE, HLCYCLE, SHOWTIMEVALUES, TFVAL1, TFVAL2, MENUNAME_TR ) VALUES ( 
'Airport Category', 11, 'Select * from something', 7, NULL, NULL, NULL, NULL, NULL
, NULL, NULL, NULL, 'Airport Category'); 
INSERT INTO S_TMPL_MENUS ( MENUNAME, ROWNUMBER, QUERY, TMPL_MENUID, PAGETITLE, ORGDES, REFRESHRATE,
ROWSPERPAGE, HLCYCLE, SHOWTIMEVALUES, TFVAL1, TFVAL2, MENUNAME_TR ) VALUES ( 
'Telephone numbers', NULL, 'Telephone numbers', 8, 'Telephone numbers', NULL, NULL
, NULL, NULL, NULL, NULL, NULL, 'Telephone numbers'); 
commit;
 
INSERT INTO S_TMPL_MENUS_USERS ( ID, TMPL_MENUID, USERID, TMPLID,
STYLESHEET ) VALUES ( 
429, 1, 4, 1573, 'std_style.css'); 
INSERT INTO S_TMPL_MENUS_USERS ( ID, TMPL_MENUID, USERID, TMPLID,
STYLESHEET ) VALUES ( 
206, 2, 4, 380, 'style.css'); 
INSERT INTO S_TMPL_MENUS_USERS ( ID, TMPL_MENUID, USERID, TMPLID,
STYLESHEET ) VALUES ( 
300, 1, 4, 380, 'style.css'); 
INSERT INTO S_TMPL_MENUS_USERS ( ID, TMPL_MENUID, USERID, TMPLID,
STYLESHEET ) VALUES ( 
754, NULL, NULL, NULL, 'style.css'); 
INSERT INTO S_TMPL_MENUS_USERS ( ID, TMPL_MENUID, USERID, TMPLID,
STYLESHEET ) VALUES ( 
427, 2, 4, 1573, 'std_style.css'); 
INSERT INTO S_TMPL_MENUS_USERS ( ID, TMPL_MENUID, USERID, TMPLID,
STYLESHEET ) VALUES ( 
753, NULL, NULL, NULL, 'style.css'); 
INSERT INTO S_TMPL_MENUS_USERS ( ID, TMPL_MENUID, USERID, TMPLID,
STYLESHEET ) VALUES ( 
816, 797, 4, 1573, 'std_style.css'); 
INSERT INTO S_TMPL_MENUS_USERS ( ID, TMPL_MENUID, USERID, TMPLID,
STYLESHEET ) VALUES ( 
818, 817, 4, 1573, 'std_style.css'); 
INSERT INTO S_TMPL_MENUS_USERS ( ID, TMPL_MENUID, USERID, TMPLID,
STYLESHEET ) VALUES ( 
1594, 2, 1593, 1573, NULL); 
INSERT INTO S_TMPL_MENUS_USERS ( ID, TMPL_MENUID, USERID, TMPLID,
STYLESHEET ) VALUES ( 
1596, 797, 1595, 1573, 'std_style.ccs'); 
INSERT INTO S_TMPL_MENUS_USERS ( ID, TMPL_MENUID, USERID, TMPLID,
STYLESHEET ) VALUES ( 
1597, 817, 1595, 1573, 'std_style.ccs'); 
INSERT INTO S_TMPL_MENUS_USERS ( ID, TMPL_MENUID, USERID, TMPLID,
STYLESHEET ) VALUES ( 
1614, 1, 1595, 1573, 'std_style.ccs'); 
INSERT INTO S_TMPL_MENUS_USERS ( ID, TMPL_MENUID, USERID, TMPLID,
STYLESHEET ) VALUES ( 
1613, 2, 1595, 1573, 'std_style.ccs'); 
INSERT INTO S_TMPL_MENUS_USERS ( ID, TMPL_MENUID, USERID, TMPLID,
STYLESHEET ) VALUES ( 
1640, 1633, 4, 1673, 'std_style.css'); 
commit;
 
INSERT INTO S_USERS ( USERID, USERNAME, PASSWD, IS_PUBLIC,
SECURITY_LEVEL ) VALUES ( 
4, 'Departure', 'Admin', 1, 0); 
INSERT INTO S_USERS ( USERID, USERNAME, PASSWD, IS_PUBLIC,
SECURITY_LEVEL ) VALUES ( 
1593, 'Staff', 'Staff', 1, 0); 
INSERT INTO S_USERS ( USERID, USERNAME, PASSWD, IS_PUBLIC,
SECURITY_LEVEL ) VALUES ( 
1595, 'jhi', 'jhi', 1, 0); 
commit;
 
INSERT INTO S_USERS_NEW ( USERID, USERNAME, PASSWD, PROF_ID ) VALUES ( 
4, 'Admin', 'Admin', 4); 
INSERT INTO S_USERS_NEW ( USERID, USERNAME, PASSWD, PROF_ID ) VALUES ( 
1593, 'Staff', 'Staff', 1593); 
INSERT INTO S_USERS_NEW ( USERID, USERNAME, PASSWD, PROF_ID ) VALUES ( 
1595, 'jhi', 'jhi', 1595); 
commit;
 
